selection_role,case_id,status,target_macro_normalized_rmse,base_validation_macro_normalized_rmse,selected_noise_standard_deviation_factor,required_noise_standard_deviation_reduction,ideal_independent_repeat_equivalent,ideal_repeat_count_ceiling,ideal_pilot_symbol_equivalent,validation_macro_normalized_rmse_at_selected_scale,test_macro_normalized_rmse_at_selected_scale,selection_iterations,zero_residual_validation_macro_normalized_rmse,zero_residual_status,base_prior_whitened_information_min_eigenvalue,base_prior_whitened_information_max_eigenvalue,required_prior_whitened_information_min_eigenvalue,required_prior_whitened_information_max_eigenvalue,claim_boundary,training_only_expected_noise_std_factor,training_only_expected_repeat_equivalent,configuration_selection_basis
best_declared_training_prior,training_prior__pilot_power_residual__uniform__k16,validation_selected_global_noise_scale,0.08,0.34892745127537944,2.645564383385774e-05,37799.11788501655,1428773312.8853781,1428773313,42863199386.56134,0.07999999999999992,0.07537701924694627,50,0.348925951048854,target_unattainable_by_residual_removal_alone,2.733943507177977e-18,2.868102072348899e-05,3.9061855219921475e-09,40978.67699603355,The repeat equivalent scales every diagonal error component and is valid only for independent stationary repeats with exact forward physics.,,,
best_declared_training_prior,training_prior__pilot_power_residual__uniform__k16,validation_selected_global_noise_scale,0.03,0.34892745127537944,3.13069126034162e-06,319418.2743816394,102028034008.94427,102028034009,3060841020268.328,0.029999999999999156,0.026363105060236116,50,0.348925951048854,target_unattainable_by_residual_removal_alone,2.733943507177977e-18,2.868102072348899e-05,2.78938881128887e-07,2926268.1577873705,The repeat equivalent scales every diagonal error component and is valid only for independent stationary repeats with exact forward physics.,,,
best_training_prior_residual_retaining,training_prior__coherent_csi_residual__uniform__k16,validation_selected_global_noise_scale,0.08,0.3489240872224732,4.244273437894878e-05,23561.1586914153,555128198.8820548,555128199,16653845966.461643,0.07999999999999939,0.07537508881482853,50,0.34860644289277315,target_unattainable_by_residual_removal_alone,7.029510103425334e-18,7.383929531662243e-05,3.902279282737712e-09,40990.27501583675,The repeat equivalent scales every diagonal error component and is valid only for independent stationary repeats with exact forward physics.,,,
best_training_prior_residual_retaining,training_prior__coherent_csi_residual__uniform__k16,validation_selected_global_noise_scale,0.03,0.3489240872224732,5.0214773423446385e-06,199144.58073270484,39658564035.204796,39658564036,1189756921056.1438,0.02999999999999964,0.0263629282629098,50,0.34860644289277315,target_unattainable_by_residual_removal_alone,7.029510103425334e-18,7.383929531662243e-05,2.787802765728127e-07,2928360.4216286684,The repeat equivalent scales every diagonal error component and is valid only for independent stationary repeats with exact forward physics.,,,
best_training_prior_equal_power,training_prior__coherent_csi_zero_residual__bayesian_a_optimal__k16,validation_selected_global_noise_scale,0.08,0.3226621387421559,0.001502342024492043,665.6273895673723,443059.8217422745,443060,13291794.652268235,0.0799999999999988,0.07471470558332646,50,0.3226621387421559,target_unattainable_by_residual_removal_alone,1.0104560393727674e-15,0.3556026800718697,4.4769247268290306e-10,157553.26004371766,The repeat equivalent scales every diagonal error component and is valid only for independent stationary repeats with exact forward physics.,,,
best_training_prior_equal_power,training_prior__coherent_csi_zero_residual__bayesian_a_optimal__k16,validation_selected_global_noise_scale,0.03,0.3226621387421559,0.0001164193093252191,8589.64037663619,73781921.79993871,73781922,2213457653.9981613,0.029999999999985958,0.026517098647308116,50,0.3226621387421559,target_unattainable_by_residual_removal_alone,1.0104560393727674e-15,0.3556026800718697,7.455338847927731e-08,26237049.13291131,The repeat equivalent scales every diagonal error component and is valid only for independent stationary repeats with exact forward physics.,,,
best_training_prior_bounded_or_equal_power,training_prior__coherent_csi_zero_residual__bayesian_a_optimal_power_bounded_4x__k32,validation_selected_global_noise_scale,0.08,0.3074368716750695,0.0012411137141477265,805.7279430569346,649197.5182227589,649198,19475925.546682768,0.07999999999999896,0.07424072443163572,50,0.3074368716750695,target_unattainable_by_residual_removal_alone,2.730444773709387e-16,0.6002857236275564,1.7725979707364365e-10,389704.0020035626,The repeat equivalent scales every diagonal error component and is valid only for independent stationary repeats with exact forward physics.,,,
best_training_prior_bounded_or_equal_power,training_prior__coherent_csi_zero_residual__bayesian_a_optimal_power_bounded_4x__k32,validation_selected_global_noise_scale,0.03,0.3074368716750695,8.227644391967655e-05,12154.147072475118,147723291.05935547,147723292,4431698731.780664,0.02999999999996107,0.026375618148044042,50,0.3074368716750695,target_unattainable_by_residual_removal_alone,2.730444773709387e-16,0.6002857236275564,4.0335028802816774e-08,88676182.67020933,The repeat equivalent scales every diagonal error component and is valid only for independent stationary repeats with exact forward physics.,,,
best_training_prior_any_likelihood,training_prior__coherent_csi_zero_residual__bayesian_a_optimal_power_unbounded__k32,validation_selected_global_noise_scale,0.08,0.27521083503704385,5.0800643058849613e-05,19684.790187430455,387490964.7231584,387490965,11624728941.694752,0.07999999999800989,0.0741499621680388,50,0.27521083503704385,target_unattainable_by_residual_removal_alone,1.014307019371982e-18,1.667005355719221,3.9303480546192065e-10,645949513.4863129,The repeat equivalent scales every diagonal error component and is valid only for independent stationary repeats with exact forward physics.,,,
best_training_prior_any_likelihood,training_prior__coherent_csi_zero_residual__bayesian_a_optimal_power_unbounded__k32,validation_selected_global_noise_scale,0.03,0.27521083503704385,3.8517925927504275e-06,259619.3787490348,67402221822.03479,67402221823,2022066654661.0437,0.02999999999676413,0.026409745253163124,50,0.27521083503704385,target_unattainable_by_residual_removal_alone,1.014307019371982e-18,1.667005355719221,6.836654671535727e-08,112359864764.70694,The repeat equivalent scales every diagonal error component and is valid only for independent stationary repeats with exact forward physics.,,,
best_overall_single_snapshot,context_prior__coherent_csi_zero_residual__bayesian_a_optimal_power_unbounded__k32__nonnegative,validation_selected_global_noise_scale,0.08,0.23605798288286942,6.0441110344145536e-05,16545.030266752245,273738026.5277478,273738027,8212140795.832435,0.07999999999965045,0.07666446940451217,50,0.23605798288286942,target_unattainable_by_residual_removal_alone,9.009184300055351e-19,1.0640212566811598,2.466156330921921e-10,291263078.98747486,The repeat equivalent scales every diagonal error component and is valid only for independent stationary repeats with exact forward physics.,,,
best_overall_single_snapshot,context_prior__coherent_csi_zero_residual__bayesian_a_optimal_power_unbounded__k32__nonnegative,validation_selected_global_noise_scale,0.03,0.23605798288286942,4.200959999628799e-06,238040.82878398296,56663436168.1655,56663436169,1699903085044.9648,0.02999999999587503,0.026354047079829607,50,0.23605798288286942,target_unattainable_by_residual_removal_alone,9.009184300055351e-19,1.0640212566811598,5.1049133951342516e-08,60291100559.52413,The repeat equivalent scales every diagonal error component and is valid only for independent stationary repeats with exact forward physics.,,,
minimum_declared_training_prior_information_budget_target_0.080,training_prior__pilot_power_residual__uniform__k256,validation_selected_global_noise_scale,0.08,0.3490090382867184,0.00016897567974681995,5918.011405536717,35022858.996062666,35022859,1050685769.88188,0.07999999999999986,0.07539721388196202,50,0.34901022376659335,target_unattainable_by_residual_removal_alone,2.118267474128394e-17,0.0007185032621722841,7.418778306234456e-10,25164.03843927095,The repeat equivalent scales every diagonal error component and is valid only for independent stationary repeats with exact forward physics.,0.00015900766254560943,39551585.093370065,minimum expected repeat from training-only Gaussian posterior risk
minimum_residual_training_prior_information_budget_target_0.080,training_prior__coherent_csi_residual__uniform__k256,validation_selected_global_noise_scale,0.08,0.3490051723439131,0.0002610746057631449,3830.322742715281,14671372.313361915,14671373,440141169.40085745,0.07999999999999995,0.07535864089774183,50,0.3471529892484888,target_unattainable_by_residual_removal_alone,4.943725149838474e-17,0.0017636496325500336,7.253123228821117e-10,25875.160389465476,The repeat equivalent scales every diagonal error component and is valid only for independent stationary repeats with exact forward physics.,0.00024603950964655297,16519248.8057685,minimum expected repeat from training-only Gaussian posterior risk
minimum_optimistic_training_prior_information_budget_target_0.080,training_prior__coherent_csi_zero_residual__prior_d_optimal__k16,validation_selected_global_noise_scale,0.08,0.3290267623839773,0.0020896657969564116,478.5454216920693,229005.72062244042,229006,6870171.618673213,0.07999999999999975,0.074272516154915,50,0.3290267623839773,target_unattainable_by_residual_removal_alone,6.476635492660742e-16,0.2724215870888618,1.4831865782056475e-10,62386.10186439371,The repeat equivalent scales every diagonal error component and is valid only for independent stationary repeats with exact forward physics.,0.0018553645192706197,290496.90226696734,minimum expected repeat from training-only Gaussian posterior risk
minimum_context_assisted_information_budget_target_0.080,context_prior__coherent_csi_zero_residual__prior_d_optimal__k16,validation_selected_global_noise_scale,0.08,0.2690273519592932,0.002468343166279956,405.1300539005286,164130.3605734452,164131,4923910.817203356,0.07999999999999992,0.07623205067802151,50,0.2690273519592932,target_unattainable_by_residual_removal_alone,5.637611892366184e-16,0.17877060597032288,9.253032726672046e-11,29341.68401784239,The repeat equivalent scales every diagonal error component and is valid only for independent stationary repeats with exact forward physics.,0.0023400123828558918,182626.45489927955,minimum expected repeat from training-only Gaussian posterior risk
minimum_declared_training_prior_information_budget_target_0.030,training_prior__pilot_power_residual__uniform__k256,validation_selected_global_noise_scale,0.03,0.3490090382867184,1.5774513864300288e-05,63393.39573963835,4018722623.402398,4018722624,120561678702.07195,0.029999999999999614,0.02646480281349403,50,0.34901022376659335,target_unattainable_by_residual_removal_alone,2.118267474128394e-17,0.0007185032621722841,8.512729420697231e-08,2887465.3146801824,The repeat equivalent scales every diagonal error component and is valid only for independent stationary repeats with exact forward physics.,1.1391236239750574e-05,7706519517.936186,minimum expected repeat from training-only Gaussian posterior risk
minimum_residual_training_prior_information_budget_target_0.030,training_prior__coherent_csi_residual__uniform__k256,validation_selected_global_noise_scale,0.03,0.3490051723439131,2.4324363079073764e-05,41111.04561090438,1690118071.2218604,1690118072,50703542136.655815,0.029999999999998084,0.026460716927076966,50,0.3471529892484888,target_unattainable_by_residual_removal_alone,4.943725149838474e-17,0.0017636496325500336,8.355479214896004e-08,2980776.1152766054,The repeat equivalent scales every diagonal error component and is valid only for independent stationary repeats with exact forward physics.,1.758247880810884e-05,3234743096.843558,minimum expected repeat from training-only Gaussian posterior risk
minimum_optimistic_training_prior_information_budget_target_0.030,training_prior__coherent_csi_zero_residual__prior_d_optimal__k16,validation_selected_global_noise_scale,0.03,0.3290267623839773,0.0001449768559013472,6897.652689340102,47577612.62276075,47577613,1427328378.6828225,0.029999999999999555,0.026272224504278602,50,0.3290267623839773,target_unattainable_by_residual_removal_alone,6.476635492660742e-16,0.2724215870888618,3.08142854568636e-08,12961168.74059155,The repeat equivalent scales every diagonal error component and is valid only for independent stationary repeats with exact forward physics.,0.00010709234944878714,87193298.4737309,minimum expected repeat from training-only Gaussian posterior risk
minimum_context_assisted_information_budget_target_0.030,context_prior__coherent_csi_zero_residual__prior_d_optimal__k16,validation_selected_global_noise_scale,0.03,0.2690273519592932,0.00015054432848681545,6642.561762714157,44123626.771472216,44123627,1323708803.1441665,0.029999999999999527,0.02608249371568301,50,0.2690273519592932,target_unattainable_by_residual_removal_alone,5.637611892366184e-16,0.17877060597032288,2.487518830211787e-08,7888007.4955444485,The repeat equivalent scales every diagonal error component and is valid only for independent stationary repeats with exact forward physics.,0.00013872707769552295,51961002.827327505,minimum expected repeat from training-only Gaussian posterior risk
