model,split,inference_class,uses_current_weather,uses_true_pollutant_lags,uses_simulated_thz,target,mae_ug_m3,rmse_ug_m3,normalized_rmse,r2,bias_ug_m3
training period mean,validation,constant baseline,False,False,False,CO,900.5250633333334,1343.3592372647179,0.44778641242157263,-0.010194003472098867,-134.94666666666674
training period mean,validation,constant baseline,False,False,False,O3,40.31675221049999,49.980262907084466,0.27016358328153767,-0.11424614077875384,16.004007133333307
training period mean,validation,constant baseline,False,False,False,SO2,13.004585042899999,15.96210582244616,0.23824038540964418,-0.13056951901607783,5.4245342
training period mean,validation,constant baseline,False,False,False,NO2,28.550557551233336,36.078107241441856,0.3371785723499239,-2.690768407420663e-06,-0.05918086666665113
training period mean,validation,constant baseline,False,False,False,PM2.5,65.67503740000001,92.6010687450253,0.42273941449452457,-0.0013822004180683578,-3.4403416666666606
training period mean,validation,constant baseline,False,False,False,PM10,74.85180343333333,99.65625197173651,0.37748580292324435,-0.004255238615841206,6.4870083333333435
training period mean,test,constant baseline,False,False,False,CO,842.5362599999999,1349.053087111269,0.449684362370423,-0.015699488106238002,-167.72166666666675
training period mean,test,constant baseline,False,False,False,O3,45.29963475363333,57.325847658364225,0.30986944680196876,-0.035382354826434925,10.597257133333308
training period mean,test,constant baseline,False,False,False,SO2,13.485054762499997,15.784931727874836,0.2355959959384304,-0.4354241957949747,8.693784199999998
training period mean,test,constant baseline,False,False,False,NO2,28.7694377635,36.01300382292133,0.3365701291861806,-4.370251866747665e-05,0.2380691333333507
training period mean,test,constant baseline,False,False,False,PM2.5,60.79125100833333,85.87251108149648,0.3920224199109645,-0.0032747857288548676,-4.906091666666665
training period mean,test,constant baseline,False,False,False,PM10,70.66405362916667,95.33853559266703,0.36113081663889024,-0.009115002006937045,9.061008333333339
seasonal month hour climatology,validation,training only seasonal prior,False,False,False,CO,903.9300435803781,1287.0950125997124,0.4290316708665708,0.07265428587765266,54.969806113478974
seasonal month hour climatology,validation,training only seasonal prior,False,False,False,O3,24.815831034861862,32.503407760799256,0.1756940960043203,0.5287603135228567,-2.4658435512168904
seasonal month hour climatology,validation,training only seasonal prior,False,False,False,SO2,15.731169127822499,20.020406738595334,0.2988120408745572,-0.7785361375479687,11.687687050125344
seasonal month hour climatology,validation,training only seasonal prior,False,False,False,NO2,28.615473456661732,35.98965406269624,0.3363519071280022,0.00489473829837439,6.556728363190806
seasonal month hour climatology,validation,training only seasonal prior,False,False,False,PM2.5,71.12334537548959,96.73132852457603,0.4415947433215081,-0.09270309799000942,4.4417999610801155
seasonal month hour climatology,validation,training only seasonal prior,False,False,False,PM10,79.9279171500991,103.53858473745979,0.39219160885401433,-0.08402539293042888,16.807345384464348
seasonal month hour climatology,test,training only seasonal prior,False,False,False,CO,817.8867270326523,1255.6174106333083,0.41853913687776945,0.12012331168562107,-20.933757446389347
seasonal month hour climatology,test,training only seasonal prior,False,False,False,O3,27.55666335891276,36.574056906418356,0.19769760489955868,0.5785499967564156,-0.26383314470976077
seasonal month hour climatology,test,training only seasonal prior,False,False,False,SO2,12.067562168864347,17.178384737693857,0.2563938020551322,-0.7000413988477245,9.671677735287261
seasonal month hour climatology,test,training only seasonal prior,False,False,False,NO2,25.71646959360994,33.60154493505005,0.3140331302341126,0.12939977138119663,1.985475888166428
seasonal month hour climatology,test,training only seasonal prior,False,False,False,PM2.5,61.42386597942598,86.40807487751376,0.3944673584912762,-0.015828120873567997,-2.4365188792455648
seasonal month hour climatology,test,training only seasonal prior,False,False,False,PM10,67.8189891962744,94.47372219927828,0.3578550083305996,0.009109277642457836,5.40888208389686
calendar Ridge,validation,calendar and station prior,False,False,False,CO,894.2380846795692,1287.2089397978882,0.4290696465992961,0.07249011062451938,-18.851993425892548
calendar Ridge,validation,calendar and station prior,False,False,False,O3,28.998573206287247,37.523425860085126,0.20282932897343312,0.3719575045385516,5.757769050701517
calendar Ridge,validation,calendar and station prior,False,False,False,SO2,14.337016991270236,16.918124970867368,0.25250932792339353,-0.2700515778851895,9.270314001213043
calendar Ridge,validation,calendar and station prior,False,False,False,NO2,28.165839211824085,35.28533349263306,0.3297694718937669,0.04346221277588591,3.574092696045951
calendar Ridge,validation,calendar and station prior,False,False,False,PM2.5,66.99446612965725,92.33740054237943,0.42153572491385405,0.004312264042434344,0.5915354999251631
calendar Ridge,validation,calendar and station prior,False,False,False,PM10,76.33460342183234,99.83212743958117,0.3781519978772014,-0.007803028367051601,11.410501458488406
calendar Ridge,test,calendar and station prior,False,False,False,CO,804.5883423401048,1277.6366789226379,0.4258788929742126,0.08899261866731345,-107.92218405203894
calendar Ridge,test,calendar and station prior,False,False,False,O3,33.61783029422864,43.83395795725436,0.23694031328245602,0.39462962728111073,4.065258525327642
calendar Ridge,test,calendar and station prior,False,False,False,SO2,11.91335997935395,14.539300567801087,0.21700448608658338,-0.217816562564632,8.953635497318322
calendar Ridge,test,calendar and station prior,False,False,False,NO2,26.410379267146286,33.56414091325632,0.31368355993697494,0.13133693382319045,1.6762622629097315
calendar Ridge,test,calendar and station prior,False,False,False,PM2.5,60.009533694959636,84.17767026267343,0.3842851872297362,0.03593708721683386,-4.214289090429028
calendar Ridge,test,calendar and station prior,False,False,False,PM10,68.39696319179612,92.99134666187443,0.3522399494767971,0.03996120529008618,7.591311587983596
calendar and current weather Ridge,validation,auxiliary context prior,True,False,False,CO,663.328936094048,993.0490564226467,0.3310163521408822,0.4479710418370101,39.05850546221423
calendar and current weather Ridge,validation,auxiliary context prior,True,False,False,O3,25.39835472076272,32.74876479295103,0.17702035023216772,0.5216190090183337,-2.5175545550131075
calendar and current weather Ridge,validation,auxiliary context prior,True,False,False,SO2,14.74633070388738,18.156469507276956,0.2709920821981635,-0.46278234586116196,11.135460107844992
calendar and current weather Ridge,validation,auxiliary context prior,True,False,False,NO2,20.733502713443297,26.41265761357964,0.24684726741663215,0.4640332085892531,4.928932001814055
calendar and current weather Ridge,validation,auxiliary context prior,True,False,False,PM2.5,49.44131700295964,71.66311137252936,0.3271541263297402,0.4002652838037043,3.696230359552489
calendar and current weather Ridge,validation,auxiliary context prior,True,False,False,PM10,59.212678354647544,82.10561195841885,0.3110061059031017,0.3183197813716402,14.45766385271274
calendar and current weather Ridge,test,auxiliary context prior,True,False,False,CO,655.5246416134876,1022.4198214483074,0.3408066071494358,0.4166010081070438,45.39964267349387
calendar and current weather Ridge,test,auxiliary context prior,True,False,False,O3,29.443788067921354,37.5987865060017,0.20323668381622542,0.5546028377412391,0.8175930516658074
calendar and current weather Ridge,test,auxiliary context prior,True,False,False,SO2,13.462478379668358,17.741263786815686,0.26479498189277145,-0.813276166868341,10.720177529926032
calendar and current weather Ridge,test,auxiliary context prior,True,False,False,NO2,19.84260885354114,25.65544273939204,0.2397704928915144,0.49247281152765454,3.682072499620278
calendar and current weather Ridge,test,auxiliary context prior,True,False,False,PM2.5,47.65740386526768,67.58717821837307,0.30854680766205567,0.3785013321046712,5.872615672465183
calendar and current weather Ridge,test,auxiliary context prior,True,False,False,PM10,55.725026020377584,78.19725190482038,0.2962017117606832,0.3211298850348042,13.851222371505092
calendar and current weather HGB,validation,auxiliary context prior,True,False,False,CO,593.2149742145967,905.1128213260015,0.3017042737753338,0.5414086190546114,134.07287307324376
calendar and current weather HGB,validation,auxiliary context prior,True,False,False,O3,17.120884604454453,23.949576264864845,0.12945716899926943,0.7441533505389502,-1.7625593536740096
calendar and current weather HGB,validation,auxiliary context prior,True,False,False,SO2,14.061700146602812,19.482612259200344,0.2907852576000051,-0.6842683035413948,11.18865288856955
calendar and current weather HGB,validation,auxiliary context prior,True,False,False,NO2,19.92946355500811,25.68207401820215,0.24001938334768366,0.49327321069913854,6.496280727828464
calendar and current weather HGB,validation,auxiliary context prior,True,False,False,PM2.5,43.90907376655947,67.18298801054321,0.3067016115523553,0.472907908173515,5.044933882337172
calendar and current weather HGB,validation,auxiliary context prior,True,False,False,PM10,57.2933707241233,80.79193080743792,0.3060300409372649,0.3399588970546027,18.045375483158377
calendar and current weather HGB,test,auxiliary context prior,True,False,False,CO,603.2925081626773,945.8341819741078,0.31527806065803593,0.5007280541584913,137.367570725906
calendar and current weather HGB,test,auxiliary context prior,True,False,False,O3,21.025765701453,29.258424086086904,0.15815364370857787,0.7302871426757249,2.8142492048908254
calendar and current weather HGB,test,auxiliary context prior,True,False,False,SO2,12.947783273156576,19.3892037152684,0.2893911002278866,-1.1657822701203875,11.273111005634615
calendar and current weather HGB,test,auxiliary context prior,True,False,False,NO2,18.611014077493483,24.27142815086272,0.22683577711086655,0.5457541714553105,4.547061668556886
calendar and current weather HGB,test,auxiliary context prior,True,False,False,PM2.5,47.33407846070666,69.02897714397132,0.31512886164789566,0.3517023481214997,10.421136248041469
calendar and current weather HGB,test,auxiliary context prior,True,False,False,PM10,56.049724558354626,78.4307160153318,0.29708604551262047,0.31707019243383294,17.284704548493703
exact one hour persistence with true past labels,validation,one hour forecast with ground truth lag,False,True,False,CO,196.92545916666666,451.17471995213356,0.15039157331737785,0.8860511440748466,-10.589884166666668
exact one hour persistence with true past labels,validation,one hour forecast with ground truth lag,False,True,False,O3,8.792623021316665,15.268060505369473,0.08253005678578093,0.896019521732642,0.6948450783833328
exact one hour persistence with true past labels,validation,one hour forecast with ground truth lag,False,True,False,SO2,2.47524856105,5.792531216471031,0.08645568979807508,0.8511140669789532,0.05757130045
exact one hour persistence with true past labels,validation,one hour forecast with ground truth lag,False,True,False,NO2,7.471946329783334,12.240661947699355,0.11439870979158276,0.8848872348043537,-0.3257399471166664
exact one hour persistence with true past labels,validation,one hour forecast with ground truth lag,False,True,False,PM2.5,11.79712965625,28.796815185089464,0.1314622925591854,0.9031595524910915,-0.34798381041666665
exact one hour persistence with true past labels,validation,one hour forecast with ground truth lag,False,True,False,PM10,17.209303585416666,35.913224478570086,0.13603494120670487,0.8695801167527295,-0.39200152291666673
exact one hour persistence with true past labels,test,one hour forecast with ground truth lag,False,True,False,CO,204.66426249999998,481.89336152852724,0.1606311205095091,0.8703987946926096,-9.459670833333336
exact one hour persistence with true past labels,test,one hour forecast with ground truth lag,False,True,False,O3,10.851102249916666,18.261146892787348,0.09870890212317486,0.8949355264186132,0.5352061069166658
exact one hour persistence with true past labels,test,one hour forecast with ground truth lag,False,True,False,SO2,1.98971869785,5.3974091310409325,0.0805583452394169,0.8321715723851218,0.21654143725
exact one hour persistence with true past labels,test,one hour forecast with ground truth lag,False,True,False,NO2,7.694016968050001,13.184102754444574,0.12321591359293994,0.8659701771867376,-0.08759867058333302
exact one hour persistence with true past labels,test,one hour forecast with ground truth lag,False,True,False,PM2.5,11.44268151875,24.82538480863958,0.11333204660415276,0.9161499066608281,-0.3815121770833333
exact one hour persistence with true past labels,test,one hour forecast with ground truth lag,False,True,False,PM10,17.264027652083332,32.29502760311613,0.12232965001180353,0.8842089401430975,-0.0777644895833331
multilag HGB with true past labels,validation,auxiliary nowcast with ground truth lags,True,True,False,CO,192.55323030689544,397.09583737171675,0.13236527912390558,0.9117304071701637,8.289711382019672
multilag HGB with true past labels,validation,auxiliary nowcast with ground truth lags,True,True,False,O3,6.762546318391756,10.91083887647252,0.058977507440392,0.9468992871933727,-0.14485481918748785
multilag HGB with true past labels,validation,auxiliary nowcast with ground truth lags,True,True,False,SO2,2.612378079562307,5.1916188051723156,0.07748684783839277,0.880402391700416,0.7552279009608762
multilag HGB with true past labels,validation,auxiliary nowcast with ground truth lags,True,True,False,NO2,6.652345569073355,10.259498003153674,0.09588315890797826,0.9191340112906362,0.36318695816384583
multilag HGB with true past labels,validation,auxiliary nowcast with ground truth lags,True,True,False,PM2.5,11.614468414287291,26.25119987422157,0.1198411315874077,0.9195240361763002,-0.21332860689993796
multilag HGB with true past labels,validation,auxiliary nowcast with ground truth lags,True,True,False,PM10,17.13331101546635,32.9642891507959,0.12486473163180264,0.8901190421051103,1.2759948885394374
multilag HGB with true past labels,test,auxiliary nowcast with ground truth lags,True,True,False,CO,210.9741487573597,451.35737682373934,0.15045245894124645,0.8863031996425256,3.324747884708414
multilag HGB with true past labels,test,auxiliary nowcast with ground truth lags,True,True,False,O3,8.230379343628007,13.361238868031107,0.07222291280016814,0.943753792404278,0.4932391892402133
multilag HGB with true past labels,test,auxiliary nowcast with ground truth lags,True,True,False,SO2,2.204952929140482,5.331911234035291,0.07958076468709391,0.8362200749225039,0.8350428160470247
multilag HGB with true past labels,test,auxiliary nowcast with ground truth lags,True,True,False,NO2,6.916369057586746,11.289537392511225,0.10550969525711425,0.9017228445249444,0.0007675799695047943
multilag HGB with true past labels,test,auxiliary nowcast with ground truth lags,True,True,False,PM2.5,10.924847785345996,22.407162177739878,0.10229245458908903,0.9316898424063683,0.003349654061131673
multilag HGB with true past labels,test,auxiliary nowcast with ground truth lags,True,True,False,PM10,16.9241921719737,30.883839089969246,0.11698423897715624,0.8941072392438174,0.39240960808083425
simulated THz spectral Ridge,validation,same time simulated THz inversion,False,False,True,CO,900.685370774555,1343.3582612031155,0.4477860870677052,-0.010192535493628085,-135.14472879429462
simulated THz spectral Ridge,validation,same time simulated THz inversion,False,False,True,O3,40.32216183128544,49.98927436707917,0.2702122938761036,-0.11464797498827672,16.00585561626366
simulated THz spectral Ridge,validation,same time simulated THz inversion,False,False,True,SO2,13.003638404188406,15.956940237011095,0.23816328711956858,-0.129837897694969,5.4239122307280585
simulated THz spectral Ridge,validation,same time simulated THz inversion,False,False,True,NO2,28.545748433163503,36.07803365266262,0.3371778846043235,1.3886530382256623e-06,-0.06059203887490003
simulated THz spectral Ridge,validation,same time simulated THz inversion,False,False,True,PM2.5,65.67648262154887,92.5888045187539,0.42268342624402744,-0.0011169688222005814,-3.432086373825771
simulated THz spectral Ridge,validation,same time simulated THz inversion,False,False,True,PM10,74.84096069003624,99.64637678914107,0.3774483969285647,-0.004056220244238462,6.481742814215204
simulated THz spectral Ridge,test,same time simulated THz inversion,False,False,True,CO,841.8536668062922,1348.7046662798828,0.4495682220932943,-0.015174905102571357,-167.8055169596826
simulated THz spectral Ridge,test,same time simulated THz inversion,False,False,True,O3,45.334621332529245,57.35283195678199,0.31001530787449727,-0.03635733010509057,10.625221378599662
simulated THz spectral Ridge,test,same time simulated THz inversion,False,False,True,SO2,13.47942096910645,15.779714430243278,0.23551812582452653,-0.43447546852349617,8.69053634728351
simulated THz spectral Ridge,test,same time simulated THz inversion,False,False,True,NO2,28.766539570878773,36.0111541080588,0.33655284213139064,5.902416327374649e-05,0.2247359443903024
simulated THz spectral Ridge,test,same time simulated THz inversion,False,False,True,PM2.5,60.75681603614983,85.85213978770281,0.39192942153710614,-0.0027988340900062525,-4.896388459455671
simulated THz spectral Ridge,test,same time simulated THz inversion,False,False,True,PM10,70.65405662634491,95.32426079727526,0.36107674544422447,-0.00881284020666051,9.064941523740275
calendar weather Ridge plus simulated THz,validation,context plus simulated THz ablation,True,False,True,CO,663.3293490304702,993.0485121919135,0.3310161707306378,0.44797164690488744,39.055190710205245
calendar weather Ridge plus simulated THz,validation,context plus simulated THz ablation,True,False,True,O3,25.39851660637826,32.748927958003776,0.17702123220542582,0.5216142421054704,-2.515086775265996
calendar weather Ridge plus simulated THz,validation,context plus simulated THz ablation,True,False,True,SO2,14.746375285308266,18.15648687688104,0.27099234144598566,-0.46278514463901366,11.135494254234501
calendar weather Ridge plus simulated THz,validation,context plus simulated THz ablation,True,False,True,NO2,20.73344674592746,26.412626914469424,0.24684698050906004,0.46403445448387537,4.928887475343894
calendar weather Ridge plus simulated THz,validation,context plus simulated THz ablation,True,False,True,PM2.5,49.44108674051778,71.66286781094986,0.3271530144302675,0.4002693604362628,3.6959610010013115
calendar weather Ridge plus simulated THz,validation,context plus simulated THz ablation,True,False,True,PM10,59.21253577619443,82.10530940566211,0.31100495986993226,0.318324805238936,14.457323212432483
calendar weather Ridge plus simulated THz,test,context plus simulated THz ablation,True,False,True,CO,655.5217896116324,1022.4179220545514,0.3408059740181838,0.41660317571637595,45.399400824868756
calendar weather Ridge plus simulated THz,test,context plus simulated THz ablation,True,False,True,O3,29.444133321372817,37.59976454842239,0.20324197053201293,0.5545796655580386,0.8163314012358042
calendar weather Ridge plus simulated THz,test,context plus simulated THz ablation,True,False,True,SO2,13.462394291503358,17.741209854103452,0.2647941769269172,-0.8132651423151596,10.720198952533869
calendar weather Ridge plus simulated THz,test,context plus simulated THz ablation,True,False,True,NO2,19.842503624623596,25.65536189099935,0.23976973729905937,0.49247601027913923,3.6820738080844504
calendar weather Ridge plus simulated THz,test,context plus simulated THz ablation,True,False,True,PM2.5,47.657263548736466,67.58684798490107,0.30854530009085274,0.3785074054211478,5.872807163450725
calendar weather Ridge plus simulated THz,test,context plus simulated THz ablation,True,False,True,PM10,55.72495792240767,78.19726141486717,0.29620174778358777,0.32112971991168815,13.85148728679372
