target,rank,frequency_ghz,sensitivity_db_per_ug_m3,background_attenuation_db,snr_db,single_target_fisher_fraction
CO,1,345.3333333333333,9.10168902565964e-06,5.332900294918952,17.979235470774555,0.38188345039664284
CO,2,346.66666666666663,7.788125686144717e-06,5.503592109731575,17.842015333753267,0.2794355039057722
CO,3,344.0,4.8378341805878845e-06,5.230238118339179,18.048296484993898,0.10792500814889396
CO,4,348.0,3.879188143839186e-06,5.740944850801116,17.63800578003297,0.06925930069135386
CO,5,230.66666666666666,2.853882318573394e-06,0.5047922345936288,19.30227031205075,0.037737977199489445
CO,6,342.66666666666663,2.4432825571161533e-06,5.200797696710393,18.044005253983954,0.027527026546088837
CO,7,229.33333333333331,2.0236839716706207e-06,0.5111357392123013,19.24557368300715,0.01897186136612157
CO,8,349.3333333333333,2.0269858795936307e-06,6.046802467621576,17.365363842841802,0.018884523438607845
CO,9,232.0,1.7758323627729219e-06,0.5003820289951154,19.356743420725337,0.014614641097664199
CO,10,341.3333333333333,1.3904829555570592e-06,5.25479456413107,17.95614522617437,0.008911958513435044
O3,1,358.66666666666663,2.7329563060043718e-05,10.985156720788787,12.656029363327804,0.08605912626230412
O3,2,360.0,2.3096399215061894e-05,12.376367435238304,11.297048332009894,0.060003245092351526
O3,3,357.3333333333333,2.1804032720988543e-05,9.84109492444547,13.767741440198776,0.055597225025542124
O3,4,364.0,2.1241622884937885e-05,18.94246353908856,4.826929885795025,0.03778621162136932
O3,5,361.3333333333333,1.773557257409387e-05,14.08700357576013,9.618522725796439,0.03392913214249807
O3,6,362.66666666666663,1.8021742520684633e-05,16.221880103197265,7.51563846155517,0.03233229318253884
O3,7,353.3333333333333,1.570672129108419e-05,7.43975440452601,16.0713035582786,0.029463397502876965
O3,8,356.0,1.5644290988262184e-05,8.892465115721508,14.683900595638463,0.028900523825281205
O3,9,352.0,1.4662084191110776e-05,6.886512032041379,16.591706989423713,0.02576207436857602
O3,10,354.66666666666663,1.4009341382076419e-05,8.101398489940287,15.442374726749534,0.023329735132738554
SO2,1,357.3333333333333,0.00025710102973860825,9.84109492444547,13.767741440198776,0.0856702347267971
SO2,2,358.66666666666663,0.00024969097305472957,10.985156720788787,12.656029363327804,0.07961228677727121
SO2,3,356.0,0.0002065063305826057,8.892465115721508,14.683900595638463,0.05580891027631458
SO2,4,360.0,0.00020228003260225973,12.376367435238304,11.297048332009894,0.05100762147394227
SO2,5,354.66666666666663,0.00015655493343553695,8.101398489940287,15.442374726749534,0.03228871386878016
SO2,6,361.3333333333333,0.00015898115956585599,14.08700357576013,9.618522725796439,0.030214575951127292
SO2,7,346.66666666666663,0.00013027160615442386,5.503592109731575,17.842015333753267,0.02269020514002251
SO2,8,353.3333333333333,0.00012687914038858627,7.43975440452601,16.0713035582786,0.021307625971707753
SO2,9,362.66666666666663,0.00013895504410635804,16.221880103197265,7.51563846155517,0.021302689593161606
SO2,10,345.3333333333333,0.00011978858813664083,5.332900294918952,17.979235470774555,0.01919733526133864
NO2,1,396.0,9.69293115195279e-06,18.950519028421844,5.5507504419908855,0.06290506422173048
NO2,2,349.3333333333333,7.607875634261909e-06,6.046802467621576,17.365363842841802,0.052636545715437084
NO2,3,348.0,7.504189221461692e-06,5.740944850801116,17.63800578003297,0.05128140982174533
NO2,4,397.3333333333333,7.46912484621612e-06,16.198098705366252,8.332367060227313,0.04348405107859645
NO2,5,394.66666666666663,8.865699734894805e-06,22.46728894938537,2.004685755861857,0.036256727857696035
NO2,6,398.66666666666663,6.202913307658225e-06,14.003970098788933,10.555594151768133,0.0321624453312249
NO2,7,309.3333333333333,5.562117446735073e-06,3.167411606082603,19.188488575803845,0.028351580443624184
NO2,8,278.66666666666663,5.403303386015037e-06,0.783991686363533,20.665074519925994,0.026869604335392153
NO2,9,277.3333333333333,5.390553375334651e-06,0.7594981079755688,20.647909075348124,0.02674183527522152
NO2,10,292.0,5.219462370958718e-06,1.1694888179682992,20.685533962902525,0.025073533208448257
PM2.5,1,400.0,5.078028068946413e-07,12.227094374665729,12.361471203795986,0.013135025671258424
PM2.5,2,398.66666666666663,5.061101265700538e-07,14.003970098788933,10.555594151768133,0.012585794707464843
PM2.5,3,397.3333333333333,5.044174463028206e-07,16.198098705366252,8.332367060227313,0.0116574539722522
PM2.5,4,356.0,4.51944384429347e-07,8.892465115721508,14.683900595638463,0.010712048414917163
PM2.5,5,354.66666666666663,4.5025170580223834e-07,8.101398489940287,15.442374726749534,0.010702708552684296
PM2.5,6,357.3333333333333,4.5363706310219057e-07,9.84109492444547,13.767741440198776,0.010688213484056996
PM2.5,7,353.3333333333333,4.4855902722052286e-07,7.43975440452601,16.0713035582786,0.010672337400544912
PM2.5,8,352.0,4.468663486838598e-07,6.886512032041379,16.591706989423713,0.010628043136879218
PM2.5,9,358.66666666666663,4.553297418211125e-07,10.985156720788787,12.656029363327804,0.010609433330426658
PM2.5,10,350.66666666666663,4.451736701919096e-07,6.426009444502812,17.019246009360813,0.01057415892469124
PM10,1,400.0,4.860119770817494e-07,12.227094374665729,12.361471203795986,0.013135656109661744
PM10,2,398.66666666666663,4.843917358174421e-07,14.003970098788933,10.555594151768133,0.012586388535287854
PM10,3,397.3333333333333,4.827714972376725e-07,16.198098705366252,8.332367060227313,0.01165799456874895
PM10,4,356.0,4.325453374448677e-07,8.892465115721508,14.683900595638463,0.010712304332811276
PM10,5,354.66666666666663,4.3092517563266625e-07,8.101398489940287,15.442374726749534,0.010702957346594304
PM10,6,357.3333333333333,4.3416550139773985e-07,9.84109492444547,13.767741440198776,0.010688475775839205
PM10,7,353.3333333333333,4.293050159451306e-07,7.43975440452601,16.0713035582786,0.010672578658731538
PM10,8,352.0,4.276848583663158e-07,6.886512032041379,16.591706989423713,0.010628276643519273
PM10,9,358.66666666666663,4.357856675073477e-07,10.985156720788787,12.656029363327804,0.01060970063269289
PM10,10,350.66666666666663,4.2606470288033696e-07,6.426009444502812,17.019246009360813,0.01057438458213101
