scenario,method,tone_count,target,detection_floor_1sigma_ug_m3,detection_floor_3sigma_ug_m3,detection_floor_1sigma_ppm,floor_to_guideline_ratio,floor_3sigma_to_guideline_ratio,who_2021_guideline_ug_m3,who_averaging_period,identifiable,target_rank,target_condition_number,median_snr_db,q05_snr_db,q95_snr_db,frequency_min_ghz,frequency_max_ghz,selected_index_count,power_optimization_success,uniform_floor_ratio,gain_over_uniform,equal_d_optimal_floor_ratio,gain_over_equal_d_optimal
reference,uniform_equal,16,CO,7398464.061837672,22195392.185513016,6253.406126787919,1849.6160154594181,5548.848046378254,4000.0,24 h,True,4,495257.8442947888,26.727158462857012,-137.1906564127355,32.51605254139092,60.0,400.0,16,,1849.6160154594181,1.0,27.062228210673055,0.014631268319738888
reference,uniform_equal,16,O3,137712.05394516338,413136.16183549014,67.90831960697484,1377.1205394516337,4131.361618354901,100.0,8 h,True,4,495257.8442947888,26.727158462857012,-137.1906564127355,32.51605254139092,60.0,400.0,16,,1377.1205394516337,1.0,620.6183746794343,0.4506637995004875
reference,uniform_equal,16,SO2,31906.85712891482,95720.57138674446,11.803665244192324,797.6714282228705,2393.0142846686113,40.0,24 h,True,4,495257.8442947888,26.727158462857012,-137.1906564127355,32.51605254139092,60.0,400.0,16,,797.6714282228705,1.0,195.23010490588644,0.24475002864379752
reference,uniform_equal,16,NO2,325230.2626661837,975690.787998551,167.32249716082535,13009.210506647349,39027.63151994204,25.0,24 h,True,4,495257.8442947888,26.727158462857012,-137.1906564127355,32.51605254139092,60.0,400.0,16,,13009.210506647349,1.0,4852.830049798791,0.37303032703784206
reference,d_optimal_equal,16,CO,108248.91284269223,324746.7385280767,91.49526295333312,27.062228210673055,81.18668463201917,4000.0,24 h,True,4,718.4337526483112,21.00227709528299,6.073217471209347,31.92513404206631,66.3147605083089,400.0,16,,1849.6160154594181,68.34677473933759,27.062228210673055,1.0
reference,d_optimal_equal,16,O3,62061.83746794343,186185.51240383027,30.603821331772732,620.6183746794343,1861.8551240383028,100.0,8 h,True,4,718.4337526483112,21.00227709528299,6.073217471209347,31.92513404206631,66.3147605083089,400.0,16,,1377.1205394516337,2.2189490283186553,620.6183746794343,1.0
reference,d_optimal_equal,16,SO2,7809.204196235457,23427.61258870637,2.8889474066178678,195.23010490588644,585.6903147176592,40.0,24 h,True,4,718.4337526483112,21.00227709528299,6.073217471209347,31.92513404206631,66.3147605083089,400.0,16,,797.6714282228705,4.085801360437725,195.23010490588644,1.0
reference,d_optimal_equal,16,NO2,121320.75124496977,363962.2537349093,62.41636583669108,4852.830049798791,14558.490149396372,25.0,24 h,True,4,718.4337526483112,21.00227709528299,6.073217471209347,31.92513404206631,66.3147605083089,400.0,16,,13009.210506647349,2.6807471873421034,4852.830049798791,1.0
reference,uniform_equal,32,CO,146304.6672815119,438914.0018445357,123.66114035412721,36.57616682037798,109.72850046113392,4000.0,24 h,True,4,1603.225240942422,23.663781945356178,-48.47512970641317,29.603670816235056,60.0,400.0,32,,36.57616682037798,1.0,21.132643386544157,0.5777708607444987
reference,uniform_equal,32,O3,94193.53400871971,282580.6020261591,46.448545563932065,941.9353400871971,2825.806020261591,100.0,8 h,True,4,1603.225240942422,23.663781945356178,-48.47512970641317,29.603670816235056,60.0,400.0,32,,941.9353400871971,1.0,452.20344990249606,0.48007907831617674
reference,uniform_equal,32,SO2,11208.682975598327,33626.04892679498,4.146555116277599,280.21707438995816,840.6512231698746,40.0,24 h,True,4,1603.225240942422,23.663781945356178,-48.47512970641317,29.603670816235056,60.0,400.0,32,,280.21707438995816,1.0,136.223896453671,0.4861370305511715
reference,uniform_equal,32,NO2,280368.6562520118,841105.9687560353,144.24236940663212,11214.74625008047,33644.23875024141,25.0,24 h,True,4,1603.225240942422,23.663781945356178,-48.47512970641317,29.603670816235056,60.0,400.0,32,,11214.74625008047,1.0,3573.3435729184666,0.31862901694212
reference,d_optimal_equal,32,CO,84530.57354617663,253591.7206385299,71.44780350305034,21.132643386544157,63.39793015963247,4000.0,24 h,True,4,824.0212203421687,20.756278734307507,5.127795799747522,29.12100065522034,66.97947214076247,400.0,32,,36.57616682037798,1.730789951420238,21.132643386544157,1.0
reference,d_optimal_equal,32,O3,45220.34499024961,135661.03497074882,22.29897494345945,452.20344990249606,1356.6103497074882,100.0,8 h,True,4,824.0212203421687,20.756278734307507,5.127795799747522,29.12100065522034,66.97947214076247,400.0,32,,941.9353400871971,2.0829901680102108,452.20344990249606,1.0
reference,d_optimal_equal,32,SO2,5448.95585814684,16346.86757444052,2.01579399124396,136.223896453671,408.67168936101297,40.0,24 h,True,4,824.0212203421687,20.756278734307507,5.127795799747522,29.12100065522034,66.97947214076247,400.0,32,,280.21707438995816,2.0570331761524563,136.223896453671,1.0
reference,d_optimal_equal,32,NO2,89333.58932296166,268000.767968885,45.959804365437314,3573.3435729184666,10720.0307187554,25.0,24 h,True,4,824.0212203421687,20.756278734307507,5.127795799747522,29.12100065522034,66.97947214076247,400.0,32,,11214.74625008047,3.138446113906987,3573.3435729184666,1.0
reference,d_optimal_power,32,CO,84387.75380874722,253163.26142624166,71.32708793106099,21.096938452186805,63.290815356560415,4000.0,24 h,True,4,812.6750076407068,18.806052993304405,7.898317599555098,23.965091841911082,66.97947214076247,400.0,32,True,36.57616682037798,1.733719179362097,21.132643386544157,1.0016924225492847
reference,d_optimal_power,32,O3,44469.64106600806,133408.92319802416,21.928789178617794,444.6964106600806,1334.0892319802415,100.0,8 h,True,4,812.6750076407068,18.806052993304405,7.898317599555098,23.965091841911082,66.97947214076247,400.0,32,True,941.9353400871971,2.118153683068962,452.20344990249606,1.0168812678997623
reference,d_optimal_power,32,SO2,5413.68042704064,16241.041281121921,2.002744151253771,135.342010676016,406.026032028048,40.0,24 h,True,4,812.6750076407068,18.806052993304405,7.898317599555098,23.965091841911082,66.97947214076247,400.0,32,True,280.21707438995816,2.0704367623202122,136.223896453671,1.0065159795783296
reference,d_optimal_power,32,NO2,88646.59394354641,265939.78183063923,45.60636314050526,3545.8637577418563,10637.59127322557,25.0,24 h,True,4,812.6750076407068,18.806052993304405,7.898317599555098,23.965091841911082,66.97947214076247,400.0,32,True,11214.74625008047,3.162768514609387,3573.3435729184666,1.007749822625478
reference,uniform_equal,64,CO,126405.62269938685,379216.86809816054,106.84186458728941,31.601405674846713,94.80421702454014,4000.0,24 h,True,4,639.2320269163773,20.839968970258468,-57.58130152580275,26.639033501427797,60.0,400.0,64,,31.601405674846713,1.0,16.092941389580965,0.5092476440815484
reference,uniform_equal,64,O3,54348.56085997127,163045.68257991382,26.800264285707975,543.4856085997127,1630.4568257991382,100.0,8 h,True,4,639.2320269163773,20.839968970258468,-57.58130152580275,26.639033501427797,60.0,400.0,64,,543.4856085997127,1.0,328.8540262973947,0.6050832277687813
reference,uniform_equal,64,SO2,7529.963852492847,22589.891557478542,2.7856448617481635,188.24909631232117,564.7472889369635,40.0,24 h,True,4,639.2320269163773,20.839968970258468,-57.58130152580275,26.639033501427797,60.0,400.0,64,,188.24909631232117,1.0,100.94653151478936,0.5362391293890225
reference,uniform_equal,64,NO2,120989.85744105869,362969.5723231761,62.24612959510776,4839.594297642348,14518.782892927044,25.0,24 h,True,4,639.2320269163773,20.839968970258468,-57.58130152580275,26.639033501427797,60.0,400.0,64,,4839.594297642348,1.0,2639.992338165954,0.5454986876590152
reference,d_optimal_equal,64,CO,64371.76555832386,193115.29667497159,54.40896783035696,16.092941389580965,48.278824168742894,4000.0,24 h,True,4,872.7921915467678,18.313634263371803,5.036912582637012,26.612112437083216,70.63538611925709,400.0,64,,31.601405674846713,1.9636811512472405,16.092941389580965,1.0
reference,d_optimal_equal,64,O3,32885.40262973947,98656.2078892184,16.216390419052573,328.8540262973947,986.5620788921841,100.0,8 h,True,4,872.7921915467678,18.313634263371803,5.036912582637012,26.612112437083216,70.63538611925709,400.0,64,,543.4856085997127,1.6526652105156798,328.8540262973947,1.0
reference,d_optimal_equal,64,SO2,4037.861260591574,12113.583781774723,1.493771775450839,100.94653151478936,302.8395945443681,40.0,24 h,True,4,872.7921915467678,18.313634263371803,5.036912582637012,26.612112437083216,70.63538611925709,400.0,64,,188.24909631232117,1.8648396679656238,100.94653151478936,1.0
reference,d_optimal_equal,64,NO2,65999.80845414885,197999.42536244655,33.95518200598428,2639.992338165954,7919.977014497862,25.0,24 h,True,4,872.7921915467678,18.313634263371803,5.036912582637012,26.612112437083216,70.63538611925709,400.0,64,,4839.594297642348,1.8331849784853893,2639.992338165954,1.0
reference,uniform_equal,128,CO,118924.9368218507,356774.8104655521,100.51896208912669,29.731234205462677,89.19370261638802,4000.0,24 h,True,4,862.3344149215134,17.969175614960093,-68.72950513102906,23.639524314085534,60.0,400.0,128,,29.731234205462677,1.0,13.34344346853139,0.4488022049915348
reference,uniform_equal,128,O3,39574.11088687747,118722.33266063241,19.514714168289572,395.7411088687747,1187.223326606324,100.0,8 h,True,4,862.3344149215134,17.969175614960093,-68.72950513102906,23.639524314085534,60.0,400.0,128,,395.7411088687747,1.0,239.99133126686982,0.6064351817097916
reference,uniform_equal,128,SO2,5874.2925191380855,17622.877557414256,2.1731436023992825,146.85731297845214,440.5719389353564,40.0,24 h,True,4,862.3344149215134,17.969175614960093,-68.72950513102906,23.639524314085534,60.0,400.0,128,,146.85731297845214,1.0,76.14228006379354,0.5184779601337635
reference,uniform_equal,128,NO2,87569.80583409485,262709.4175022845,45.05238371094815,3502.792233363794,10508.376700091381,25.0,24 h,True,4,862.3344149215134,17.969175614960093,-68.72950513102906,23.639524314085534,60.0,400.0,128,,3502.792233363794,1.0,2067.7343744119044,0.590310311504323
reference,d_optimal_equal,128,CO,53373.77387412556,160121.32162237668,45.11313182906055,13.34344346853139,40.03033040559417,4000.0,24 h,True,4,886.6801376671717,15.462843660059058,3.9779984434842,23.661471510510527,70.63538611925709,400.0,128,,29.731234205462677,2.2281530457695986,13.34344346853139,1.0
reference,d_optimal_equal,128,O3,23999.133126686982,71997.39938006095,11.834409232661333,239.99133126686982,719.9739938006095,100.0,8 h,True,4,886.6801376671717,15.462843660059058,3.9779984434842,23.661471510510527,70.63538611925709,400.0,128,,395.7411088687747,1.648980847682,239.99133126686982,1.0
reference,d_optimal_equal,128,SO2,3045.6912025517413,9137.073607655224,1.1267270620497183,76.14228006379354,228.4268401913806,40.0,24 h,True,4,886.6801376671717,15.462843660059058,3.9779984434842,23.661471510510527,70.63538611925709,400.0,128,,146.85731297845214,1.928722292731609,76.14228006379354,1.0
reference,d_optimal_equal,128,NO2,51693.3593602976,155080.0780808928,26.59488666242209,2067.7343744119044,6203.203123235712,25.0,24 h,True,4,886.6801376671717,15.462843660059058,3.9779984434842,23.661471510510527,70.63538611925709,400.0,128,,3502.792233363794,1.6940242792839588,2067.7343744119044,1.0
reference,uniform_equal,256,CO,83386.77951020913,250160.3385306274,70.48103410706221,20.846694877552284,62.54008463265685,4000.0,24 h,True,4,783.7562833862218,14.979709985027057,-71.97223355351603,20.639551220622486,60.0,400.0,256,,20.846694877552284,1.0,11.54901025863003,0.553997184036401
reference,uniform_equal,256,O3,28084.52032887004,84253.56098661011,13.848987999706404,280.8452032887004,842.5356098661011,100.0,8 h,True,4,783.7562833862218,14.979709985027057,-71.97223355351603,20.639551220622486,60.0,400.0,256,,280.8452032887004,1.0,184.6698862791353,0.6575504374532622
reference,uniform_equal,256,SO2,4305.723764345562,12917.171293036685,1.5928651870334551,107.64309410863905,322.92928232591714,40.0,24 h,True,4,783.7562833862218,14.979709985027057,-71.97223355351603,20.639551220622486,60.0,400.0,256,,107.64309410863905,1.0,63.93539866753965,0.5939572733111211
reference,uniform_equal,256,NO2,64498.54605738098,193495.63817214296,33.182821614114246,2579.9418422952394,7739.825526885718,25.0,24 h,True,4,783.7562833862218,14.979709985027057,-71.97223355351603,20.639551220622486,60.0,400.0,256,,2579.9418422952394,1.0,1664.5589174203133,0.645192418732758
reference,d_optimal_equal,256,CO,46196.04103452012,138588.12310356036,39.04629442328601,11.54901025863003,34.64703077589009,4000.0,24 h,True,4,785.7312000291931,14.273032388470455,1.8999247891947952,20.666350312297705,70.3030303030303,400.0,256,,20.846694877552284,1.8050633267014837,11.54901025863003,1.0
reference,d_optimal_equal,256,O3,18466.98862791353,55400.965883740595,9.106408117491927,184.6698862791353,554.0096588374059,100.0,8 h,True,4,785.7312000291931,14.273032388470455,1.8999247891947952,20.666350312297705,70.3030303030303,400.0,256,,280.8452032887004,1.5207958858229467,184.6698862791353,1.0
reference,d_optimal_equal,256,SO2,2557.415946701586,7672.247840104758,0.9460938632426,63.93539866753965,191.80619600261895,40.0,24 h,True,4,785.7312000291931,14.273032388470455,1.8999247891947952,20.666350312297705,70.3030303030303,400.0,256,,107.64309410863905,1.683622787250876,63.93539866753965,1.0
reference,d_optimal_equal,256,NO2,41613.97293550783,124841.91880652349,21.409304937588008,1664.5589174203133,4993.67675226094,25.0,24 h,True,4,785.7312000291931,14.273032388470455,1.8999247891947952,20.666350312297705,70.3030303030303,400.0,256,,2579.9418422952394,1.5499252176027274,1664.5589174203133,1.0
reference_zero_residual,uniform_equal,16,CO,5795225.671152788,17385677.013458364,4898.30043306367,1448.806417788197,4346.419253364591,4000.0,24 h,True,4,494907.8817826783,26.727158462857012,-137.1906564127355,32.51605254139092,60.0,400.0,16,,1448.806417788197,1.0,21.97735223943947,0.015169281395778831
reference_zero_residual,uniform_equal,16,O3,107873.30828531086,323619.9248559326,53.1942911767013,1078.7330828531087,3236.199248559326,100.0,8 h,True,4,494907.8817826783,26.727158462857012,-137.1906564127355,32.51605254139092,60.0,400.0,16,,1078.7330828531087,1.0,511.5419141487435,0.4742061982522884
reference_zero_residual,uniform_equal,16,SO2,24994.307516902358,74982.92255070707,9.246427429311314,624.857687922559,1874.5730637676766,40.0,24 h,True,4,494907.8817826783,26.727158462857012,-137.1906564127355,32.51605254139092,60.0,400.0,16,,624.857687922559,1.0,160.2407773924249,0.25644363587038743
reference_zero_residual,uniform_equal,16,NO2,254750.61617197088,764251.8485159127,131.0625551931,10190.024646878835,30570.073940636506,25.0,24 h,True,4,494907.8817826783,26.727158462857012,-137.1906564127355,32.51605254139092,60.0,400.0,16,,10190.024646878835,1.0,4017.9979278461724,0.3943069881658107
reference_zero_residual,d_optimal_equal,16,CO,87909.40895775787,263728.2268732736,74.30369763020812,21.97735223943947,65.9320567183184,4000.0,24 h,True,4,833.3693985165493,24.645447588866382,8.055597234920572,31.92513404206631,66.64711632453567,400.0,16,,1448.806417788197,65.92270087878197,21.97735223943947,1.0
reference_zero_residual,d_optimal_equal,16,O3,51154.19141487435,153462.57424462307,25.225062587628774,511.5419141487435,1534.6257424462308,100.0,8 h,True,4,833.3693985165493,24.645447588866382,8.055597234920572,31.92513404206631,66.64711632453567,400.0,16,,1078.7330828531087,2.1087872821687106,511.5419141487435,1.0
reference_zero_residual,d_optimal_equal,16,SO2,6409.6310956969955,19228.893287090985,2.3711874687842736,160.2407773924249,480.7223321772746,40.0,24 h,True,4,833.3693985165493,24.645447588866382,8.055597234920572,31.92513404206631,66.64711632453567,400.0,16,,624.857687922559,3.8994923644953436,160.2407773924249,1.0
reference_zero_residual,d_optimal_equal,16,NO2,100449.9481961543,301349.8445884629,51.678881399506594,4017.9979278461724,12053.993783538515,25.0,24 h,True,4,833.3693985165493,24.645447588866382,8.055597234920572,31.92513404206631,66.64711632453567,400.0,16,,10190.024646878835,2.536095047799377,4017.9979278461724,1.0
reference_zero_residual,uniform_equal,32,CO,114786.82169932818,344360.46509798453,97.02130173094304,28.696705424832047,86.09011627449614,4000.0,24 h,True,4,1609.810067577874,23.663781945356178,-48.47512970641317,29.603670816235056,60.0,400.0,32,,28.696705424832047,1.0,16.640786572464936,0.5798849145262929
reference_zero_residual,uniform_equal,32,O3,74257.80413724475,222773.41241173423,36.6178744140448,742.5780413724475,2227.734124117342,100.0,8 h,True,4,1609.810067577874,23.663781945356178,-48.47512970641317,29.603670816235056,60.0,400.0,32,,742.5780413724475,1.0,361.1642127658982,0.4863653281456954
reference_zero_residual,uniform_equal,32,SO2,8813.075770540177,26439.227311620532,3.260320994539038,220.32689426350444,660.9806827905134,40.0,24 h,True,4,1609.810067577874,23.663781945356178,-48.47512970641317,29.603670816235056,60.0,400.0,32,,220.32689426350444,1.0,108.02898639972553,0.49031230055158886
reference_zero_residual,uniform_equal,32,NO2,220460.90729996492,661382.7218998948,113.42139330260689,8818.436291998596,26455.30887599579,25.0,24 h,True,4,1609.810067577874,23.663781945356178,-48.47512970641317,29.603670816235056,60.0,400.0,32,,8818.436291998596,1.0,2835.370295436392,0.3215275590309661
reference_zero_residual,d_optimal_equal,32,CO,66563.14628985974,199689.43886957923,56.261189261477575,16.640786572464936,49.922359717394805,4000.0,24 h,True,4,844.4645632068689,20.756278734307507,6.3478490179402645,29.12100065522034,69.97067448680352,400.0,32,,28.696705424832047,1.7244801079484857,16.640786572464936,1.0
reference_zero_residual,d_optimal_equal,32,O3,36116.42127658982,108349.26382976945,17.80966450538476,361.1642127658982,1083.4926382976946,100.0,8 h,True,4,844.4645632068689,20.756278734307507,6.3478490179402645,29.12100065522034,69.97067448680352,400.0,32,,742.5780413724475,2.0560676144670422,361.1642127658982,1.0
reference_zero_residual,d_optimal_equal,32,SO2,4321.159455989021,12963.478367967062,1.5985754873690796,108.02898639972553,324.08695919917653,40.0,24 h,True,4,844.4645632068689,20.756278734307507,6.3478490179402645,29.12100065522034,69.97067448680352,400.0,32,,220.32689426350444,2.039516444672152,108.02898639972553,1.0
reference_zero_residual,d_optimal_equal,32,NO2,70884.2573859098,212652.77215772943,36.46810373047835,2835.370295436392,8506.110886309178,25.0,24 h,True,4,844.4645632068689,20.756278734307507,6.3478490179402645,29.12100065522034,69.97067448680352,400.0,32,,8818.436291998596,3.110153303853157,2835.370295436392,1.0
reference_zero_residual,d_optimal_power,32,CO,66456.26546522412,199368.79639567237,56.17085034815364,16.61406636630603,49.842199098918094,4000.0,24 h,True,4,826.3610630566039,19.143982394029678,9.583461947561025,24.301798185821696,69.97067448680352,400.0,32,True,28.696705424832047,1.727253568881251,16.640786572464936,1.0016082881559385
reference_zero_residual,d_optimal_power,32,O3,35472.913692726834,106418.7410781805,17.492339206526893,354.7291369272683,1064.1874107818048,100.0,8 h,True,4,826.3610630566039,19.143982394029678,9.583461947561025,24.301798185821696,69.97067448680352,400.0,32,True,742.5780413724475,2.0933663577928803,361.1642127658982,1.0181408155370932
reference_zero_residual,d_optimal_power,32,SO2,4282.751234289418,12848.253702868253,1.5843666986521243,107.06878085723545,321.20634257170633,40.0,24 h,True,4,826.3610630566039,19.143982394029678,9.583461947561025,24.301798185821696,69.97067448680352,400.0,32,True,220.32689426350444,2.0578070703661635,108.02898639972553,1.0089681187625588
reference_zero_residual,d_optimal_power,32,NO2,69971.679098136,209915.037294408,35.99860597613871,2798.86716392544,8396.601491776319,25.0,24 h,True,4,826.3610630566039,19.143982394029678,9.583461947561025,24.301798185821696,69.97067448680352,400.0,32,True,8818.436291998596,3.1507162632293877,2835.370295436392,1.0130421093153117
reference_zero_residual,uniform_equal,64,CO,99307.53012033367,297922.590361001,83.93773519748912,24.826882530083417,74.48064759025026,4000.0,24 h,True,4,644.6779232304115,20.839968970258468,-57.58130152580275,26.639033501427797,60.0,400.0,64,,24.826882530083417,1.0,12.592083703837202,0.5071955243909109
reference_zero_residual,uniform_equal,64,O3,42711.864669779345,128135.59400933803,21.0619976531626,427.11864669779345,1281.3559400933802,100.0,8 h,True,4,644.6779232304115,20.839968970258468,-57.58130152580275,26.639033501427797,60.0,400.0,64,,427.11864669779345,1.0,258.11755543522946,0.6043228443216617
reference_zero_residual,uniform_equal,64,SO2,5923.686521668184,17771.05956500455,2.1914164855159246,148.0921630417046,444.27648912511376,40.0,24 h,True,4,644.6779232304115,20.839968970258468,-57.58130152580275,26.639033501427797,60.0,400.0,64,,148.0921630417046,1.0,80.08867197996796,0.5408029049951414
reference_zero_residual,uniform_equal,64,NO2,96204.20949139433,288612.628474183,49.49455944696441,3848.168379655773,11544.505138967319,25.0,24 h,True,4,644.6779232304115,20.839968970258468,-57.58130152580275,26.639033501427797,60.0,400.0,64,,3848.168379655773,1.0,2145.5548403037747,0.557552224493799
reference_zero_residual,d_optimal_equal,64,CO,50368.33481534881,151105.00444604643,42.57284361967591,12.592083703837202,37.776251111511606,4000.0,24 h,True,4,929.4100193470994,18.473143616698877,6.096575596513713,26.612112437083216,71.63245356793743,400.0,64,,24.826882530083417,1.9716262307339878,12.592083703837202,1.0
reference_zero_residual,d_optimal_equal,64,O3,25811.755543522944,77435.26663056883,12.728246328855386,258.11755543522946,774.3526663056883,100.0,8 h,True,4,929.4100193470994,18.473143616698877,6.096575596513713,26.612112437083216,71.63245356793743,400.0,64,,427.11864669779345,1.6547446607325869,258.11755543522946,1.0
reference_zero_residual,d_optimal_equal,64,SO2,3203.546879198718,9610.640637596154,1.1851244014212552,80.08867197996796,240.26601593990387,40.0,24 h,True,4,929.4100193470994,18.473143616698877,6.096575596513713,26.612112437083216,71.63245356793743,400.0,64,,148.0921630417046,1.8491024932807714,80.08867197996796,1.0
reference_zero_residual,d_optimal_equal,64,NO2,53638.87100759437,160916.6130227831,27.59580171999558,2145.5548403037747,6436.664520911324,25.0,24 h,True,4,929.4100193470994,18.473143616698877,6.096575596513713,26.612112437083216,71.63245356793743,400.0,64,,3848.168379655773,1.7935539597351597,2145.5548403037747,1.0
reference_zero_residual,uniform_equal,128,CO,93613.86669693993,280841.6000908198,79.12527825532823,23.403466674234984,70.21040002270496,4000.0,24 h,True,4,854.8510761080654,17.969175614960093,-68.72950513102906,23.639524314085534,60.0,400.0,128,,23.403466674234984,1.0,10.52602954707396,0.4497636907211755
reference_zero_residual,uniform_equal,128,O3,31309.451870910714,93928.35561273215,15.439260423896066,313.09451870910715,939.2835561273215,100.0,8 h,True,4,854.8510761080654,17.969175614960093,-68.72950513102906,23.639524314085534,60.0,400.0,128,,313.09451870910715,1.0,189.13393774195686,0.6040793640264244
reference_zero_residual,uniform_equal,128,SO2,4642.499067029837,13927.49720108951,1.7174522912830401,116.06247667574591,348.1874300272378,40.0,24 h,True,4,854.8510761080654,17.969175614960093,-68.72950513102906,23.639524314085534,60.0,400.0,128,,116.06247667574591,1.0,60.27228562876977,0.519308973538087
reference_zero_residual,uniform_equal,128,NO2,69753.55655618034,209260.669668541,35.88638761088607,2790.1422622472137,8370.42678674164,25.0,24 h,True,4,854.8510761080654,17.969175614960093,-68.72950513102906,23.639524314085534,60.0,400.0,128,,2790.1422622472137,1.0,1669.1143969806778,0.598218384619698
reference_zero_residual,d_optimal_equal,128,CO,42104.11818829584,126312.35456488753,35.58767717745639,10.52602954707396,31.578088641221882,4000.0,24 h,True,4,909.7271863470634,15.462843660059058,4.48932162877195,23.661471510510527,71.96480938416423,400.0,128,,23.403466674234984,2.2233897947532086,10.52602954707396,1.0
reference_zero_residual,d_optimal_equal,128,O3,18913.393774195687,56740.18132258706,9.326538617905479,189.13393774195686,567.4018132258706,100.0,8 h,True,4,909.7271863470634,15.462843660059058,4.48932162877195,23.661471510510527,71.96480938416423,400.0,128,,313.09451870910715,1.6554116222984516,189.13393774195686,1.0
reference_zero_residual,d_optimal_equal,128,SO2,2410.891425150791,7232.674275452373,0.891888386486831,60.27228562876977,180.81685688630932,40.0,24 h,True,4,909.7271863470634,15.462843660059058,4.48932162877195,23.661471510510527,71.96480938416423,400.0,128,,116.06247667574591,1.9256358949219243,60.27228562876977,1.0
reference_zero_residual,d_optimal_equal,128,NO2,41727.859924516946,125183.57977355084,21.467896826420606,1669.1143969806778,5007.343190942033,25.0,24 h,True,4,909.7271863470634,15.462843660059058,4.48932162877195,23.661471510510527,71.96480938416423,400.0,128,,2790.1422622472137,1.6716303371982197,1669.1143969806778,1.0
reference_zero_residual,uniform_equal,256,CO,65854.73012906079,197564.19038718235,55.662414445079335,16.463682532265196,49.39104759679559,4000.0,24 h,True,4,767.1470409507032,14.979709985027057,-71.97223355351603,20.639551220622486,60.0,400.0,256,,16.463682532265196,1.0,9.110733577138504,0.5533837013246259
reference_zero_residual,uniform_equal,256,O3,22311.13979362445,66933.41938087335,11.00202900542503,223.11139793624451,669.3341938087335,100.0,8 h,True,4,767.1470409507032,14.979709985027057,-71.97223355351603,20.639551220622486,60.0,400.0,256,,223.11139793624451,1.0,147.38593340649575,0.6605934737973908
reference_zero_residual,uniform_equal,256,SO2,3422.022021367919,10266.066064103758,1.2659473866473867,85.55055053419798,256.6516516025939,40.0,24 h,True,4,767.1470409507032,14.979709985027057,-71.97223355351603,20.639551220622486,60.0,400.0,256,,85.55055053419798,1.0,50.95530066627971,0.5956162800601831
reference_zero_residual,uniform_equal,256,NO2,51670.769943048035,155012.3098291441,26.583264995752387,2066.8307977219215,6200.492393165764,25.0,24 h,True,4,767.1470409507032,14.979709985027057,-71.97223355351603,20.639551220622486,60.0,400.0,256,,2066.8307977219215,1.0,1335.8844710912524,0.6463443802771256
reference_zero_residual,d_optimal_equal,256,CO,36442.93430855402,109328.80292566205,30.80267293028333,9.110733577138504,27.33220073141551,4000.0,24 h,True,4,771.8364125265549,14.494525726832954,2.765132030387363,20.666350312297705,71.63245356793743,400.0,256,,16.463682532265196,1.8070644249303254,9.110733577138504,1.0
reference_zero_residual,d_optimal_equal,256,O3,14738.593340649575,44215.780021948725,7.2678685595133725,147.38593340649575,442.1578002194872,100.0,8 h,True,4,771.8364125265549,14.494525726832954,2.765132030387363,20.666350312297705,71.63245356793743,400.0,256,,223.11139793624451,1.513790310781526,147.38593340649575,1.0
reference_zero_residual,d_optimal_equal,256,SO2,2038.2120266511884,6114.636079953565,0.7540188731868268,50.95530066627971,152.86590199883912,40.0,24 h,True,4,771.8364125265549,14.494525726832954,2.765132030387363,20.666350312297705,71.63245356793743,400.0,256,,85.55055053419798,1.6789332888935753,50.95530066627971,1.0
reference_zero_residual,d_optimal_equal,256,NO2,33397.11177728131,100191.33533184393,17.181943939422183,1335.8844710912524,4007.6534132737575,25.0,24 h,True,4,771.8364125265549,14.494525726832954,2.765132030387363,20.666350312297705,71.63245356793743,400.0,256,,2066.8307977219215,1.5471628291581054,1335.8844710912524,1.0
optimistic_combined,uniform_equal,16,CO,213440.4836561934,640321.4509685802,180.40636773312767,53.360120914048345,160.08036274214504,4000.0,24 h,True,4,460762.1614406378,26.809908978988517,-412.7665713385487,35.02149132371363,60.0,400.0,16,,53.360120914048345,1.0,0.8017145192288659,0.01502460087225543
optimistic_combined,uniform_equal,16,O3,4022.0797068888937,12066.239120666682,1.9833606891732187,40.220797068888935,120.66239120666681,100.0,8 h,True,4,460762.1614406378,26.809908978988517,-412.7665713385487,35.02149132371363,60.0,400.0,16,,40.220797068888935,1.0,22.100980066686148,0.5494913496824112
optimistic_combined,uniform_equal,16,SO2,931.9018232113381,2795.705469634014,0.3447490022974018,23.29754558028345,69.89263674085035,40.0,24 h,True,4,460762.1614406378,26.809908978988517,-412.7665713385487,35.02149132371363,60.0,400.0,16,,23.29754558028345,1.0,6.6289946270949,0.28453618018479043
optimistic_combined,uniform_equal,16,NO2,9382.234371367465,28146.703114102398,4.8269151557296315,375.2893748546986,1125.868124564096,25.0,24 h,True,4,460762.1614406378,26.809908978988517,-412.7665713385487,35.02149132371363,60.0,400.0,16,,375.2893748546986,1.0,195.69673904278613,0.521455581092735
optimistic_combined,d_optimal_equal,16,CO,3206.8580769154637,9620.574230746392,2.710533670003583,0.8017145192288659,2.405143557686598,4000.0,24 h,True,4,1289.5608378481409,23.28045847935976,5.8459886259040985,35.15161876941126,70.96774193548387,400.0,16,,53.360120914048345,66.5575084824123,0.8017145192288659,1.0
optimistic_combined,d_optimal_equal,16,O3,2210.0980066686147,6630.294020005844,1.089839542000829,22.100980066686148,66.30294020005844,100.0,8 h,True,4,1289.5608378481409,23.28045847935976,5.8459886259040985,35.15161876941126,70.96774193548387,400.0,16,,40.220797068888935,1.8198648633467456,22.100980066686148,1.0
optimistic_combined,d_optimal_equal,16,SO2,265.159785083796,795.479355251388,0.09809356423622027,6.6289946270949,19.8869838812847,40.0,24 h,True,4,1289.5608378481409,23.28045847935976,5.8459886259040985,35.15161876941126,70.96774193548387,400.0,16,,23.29754558028345,3.5144915467360094,6.6289946270949,1.0
optimistic_combined,d_optimal_equal,16,NO2,4892.4184760696535,14677.25542820896,2.5170218474163244,195.69673904278613,587.0902171283584,25.0,24 h,True,4,1289.5608378481409,23.28045847935976,5.8459886259040985,35.15161876941126,70.96774193548387,400.0,16,,375.2893748546986,1.9177088830930764,195.69673904278613,1.0
optimistic_combined,uniform_equal,32,CO,4386.192475360962,13158.577426082886,3.7073428578472303,1.0965481188402404,3.2896443565207214,4000.0,24 h,True,4,1306.7420754514783,23.66082699715684,-172.23832528442247,32.18891464408999,60.0,400.0,32,,1.0965481188402404,1.0,0.5917120206289632,0.5396133653074751
optimistic_combined,uniform_equal,32,O3,2922.264461372404,8766.793384117213,1.4410217793861544,29.222644613724043,87.66793384117213,100.0,8 h,True,4,1306.7420754514783,23.66082699715684,-172.23832528442247,32.18891464408999,60.0,400.0,32,,29.222644613724043,1.0,15.144493524817593,0.5182451391721464
optimistic_combined,uniform_equal,32,SO2,343.7307621418666,1031.1922864255998,0.12716021618991968,8.593269053546665,25.779807160639997,40.0,24 h,True,4,1306.7420754514783,23.66082699715684,-172.23832528442247,32.18891464408999,60.0,400.0,32,,8.593269053546665,1.0,4.3275338034525905,0.5035957534305883
optimistic_combined,uniform_equal,32,NO2,8195.1537604877,24585.461281463096,4.216193107555813,327.80615041950796,983.4184512585239,25.0,24 h,True,4,1306.7420754514783,23.66082699715684,-172.23832528442247,32.18891464408999,60.0,400.0,32,,327.80615041950796,1.0,129.53391897511324,0.3951540226116654
optimistic_combined,d_optimal_equal,32,CO,2366.848082515853,7100.544247547559,2.000531755871576,0.5917120206289632,1.7751360618868899,4000.0,24 h,True,4,894.1623456822734,20.221410096136104,3.572658780182924,32.11046753238641,71.63245356793743,400.0,32,,1.0965481188402404,1.853178709593662,0.5917120206289632,1.0
optimistic_combined,d_optimal_equal,32,O3,1514.4493524817592,4543.348057445278,0.7468025326080717,15.144493524817593,45.43348057445278,100.0,8 h,True,4,894.1623456822734,20.221410096136104,3.572658780182924,32.11046753238641,71.63245356793743,400.0,32,,29.222644613724043,1.9295887687387032,15.144493524817593,1.0
optimistic_combined,d_optimal_equal,32,SO2,173.1013521381036,519.3040564143108,0.06403734487855907,4.3275338034525905,12.98260141035777,40.0,24 h,True,4,894.1623456822734,20.221410096136104,3.572658780182924,32.11046753238641,71.63245356793743,400.0,32,,8.593269053546665,1.9857196832733666,4.3275338034525905,1.0
optimistic_combined,d_optimal_equal,32,NO2,3238.3479743778307,9715.043923133493,1.6660456665582575,129.53391897511324,388.6017569253397,25.0,24 h,True,4,894.1623456822734,20.221410096136104,3.572658780182924,32.11046753238641,71.63245356793743,400.0,32,,327.80615041950796,2.530658788162565,129.53391897511324,1.0
optimistic_combined,d_optimal_power,32,CO,2356.777428483426,7070.332285450278,1.992019733767964,0.5891943571208564,1.7675830713625693,4000.0,24 h,True,4,1113.6082455380742,18.113778363874516,7.447166691513441,23.753411954261935,71.63245356793743,400.0,32,True,1.0965481188402404,1.8610974555129942,0.5917120206289632,1.0042730611345456
optimistic_combined,d_optimal_power,32,O3,1506.6655595829814,4519.996678748944,0.7429642026958971,15.066655595829813,45.19996678748944,100.0,8 h,True,4,1113.6082455380742,18.113778363874516,7.447166691513441,23.753411954261935,71.63245356793743,400.0,32,True,29.222644613724043,1.939557483600565,15.144493524817593,1.005166238020953
optimistic_combined,d_optimal_power,32,SO2,165.90723142590497,497.7216942777149,0.06137594227566375,4.1476807856476245,12.443042356942872,40.0,24 h,True,4,1113.6082455380742,18.113778363874516,7.447166691513441,23.753411954261935,71.63245356793743,400.0,32,True,8.593269053546665,2.0718250746977147,4.3275338034525905,1.0433623094687803
optimistic_combined,d_optimal_power,32,NO2,3223.400990731275,9670.202972193825,1.6583558328746968,128.936039629251,386.808118887753,25.0,24 h,True,4,1113.6082455380742,18.113778363874516,7.447166691513441,23.753411954261935,71.63245356793743,400.0,32,True,327.80615041950796,2.5423935104730826,129.53391897511324,1.0046370227252317
optimistic_combined,uniform_equal,64,CO,3816.4276421656928,11449.282926497079,3.2257603470785563,0.9541069105414232,2.8623207316242696,4000.0,24 h,True,4,579.4317462606788,21.11817141873032,-205.10367112077435,29.200265485291702,60.0,400.0,64,,0.9541069105414232,1.0,0.474744232703815,0.497579702503584
optimistic_combined,uniform_equal,64,O3,1690.5255324109119,5071.576597232735,0.8336289008108535,16.90525532410912,50.715765972327354,100.0,8 h,True,4,579.4317462606788,21.11817141873032,-205.10367112077435,29.200265485291702,60.0,400.0,64,,16.90525532410912,1.0,10.155322013319317,0.6007198246119649
optimistic_combined,uniform_equal,64,SO2,255.34073358830457,766.0222007649137,0.09446109124146596,6.3835183397076145,19.15055501912284,40.0,24 h,True,4,579.4317462606788,21.11817141873032,-205.10367112077435,29.200265485291702,60.0,400.0,64,,6.3835183397076145,1.0,3.392269340733391,0.5314106046554834
optimistic_combined,uniform_equal,64,NO2,4578.033317568633,13734.0999527059,2.3552788738090835,183.12133270274532,549.3639981082359,25.0,24 h,True,4,579.4317462606788,21.11817141873032,-205.10367112077435,29.200265485291702,60.0,400.0,64,,183.12133270274532,1.0,93.5865746919238,0.5110632022531189
optimistic_combined,d_optimal_equal,64,CO,1898.97693081526,5696.93079244578,1.6050728738472058,0.474744232703815,1.424232698111445,4000.0,24 h,True,4,577.8027025874608,17.453261701245673,3.315849996488746,29.11483149206523,72.62952101661779,400.0,64,,0.9541069105414232,2.0097282806522783,0.474744232703815,1.0
optimistic_combined,d_optimal_equal,64,O3,1015.5322013319317,3046.596603995795,0.5007774070865612,10.155322013319317,30.465966039957948,100.0,8 h,True,4,577.8027025874608,17.453261701245673,3.315849996488746,29.11483149206523,72.62952101661779,400.0,64,,16.90525532410912,1.6646695498120945,10.155322013319317,1.0
optimistic_combined,d_optimal_equal,64,SO2,135.69077362933564,407.0723208880069,0.05019762561304422,3.392269340733391,10.176808022200174,40.0,24 h,True,4,577.8027025874608,17.453261701245673,3.315849996488746,29.11483149206523,72.62952101661779,400.0,64,,6.3835183397076145,1.881784050298179,3.392269340733391,1.0
optimistic_combined,d_optimal_equal,64,NO2,2339.664367298095,7018.993101894284,1.2036963634479896,93.5865746919238,280.7597240757714,25.0,24 h,True,4,577.8027025874608,17.453261701245673,3.315849996488746,29.11483149206523,72.62952101661779,400.0,64,,183.12133270274532,1.956705150344049,93.5865746919238,1.0
optimistic_combined,uniform_equal,128,CO,3647.392048493733,10942.176145481199,3.082886338598083,0.9118480121234332,2.7355440363702996,4000.0,24 h,True,4,417.38346288772067,18.28170999967861,-230.28408583596797,26.203055803937044,60.0,400.0,128,,0.9118480121234332,1.0,0.39595571147887365,0.43423433095698266
optimistic_combined,uniform_equal,128,O3,1287.5560240805555,3862.668072241667,0.634917303825596,12.875560240805555,38.626680722416666,100.0,8 h,True,4,417.38346288772067,18.28170999967861,-230.28408583596797,26.203055803937044,60.0,400.0,128,,12.875560240805555,1.0,7.699051568847697,0.5979585683928273
optimistic_combined,uniform_equal,128,SO2,218.2600889993709,654.7802669981127,0.08074342816991259,5.4565022249842725,16.369506674952817,40.0,24 h,True,4,417.38346288772067,18.28170999967861,-230.28408583596797,26.203055803937044,60.0,400.0,128,,5.4565022249842725,1.0,2.828872556572011,0.5184406493264401
optimistic_combined,uniform_equal,128,NO2,3008.4901673373274,9025.470502011982,1.5477898131495482,120.3396066934931,361.01882008047926,25.0,24 h,True,4,417.38346288772067,18.28170999967861,-230.28408583596797,26.203055803937044,60.0,400.0,128,,120.3396066934931,1.0,70.03567881425239,0.5819836107046152
optimistic_combined,d_optimal_equal,128,CO,1583.8228459154946,4751.468537746484,1.3386950866575607,0.39595571147887365,1.187867134436621,4000.0,24 h,True,4,364.55615904259264,15.030248065784285,2.9606102575711173,26.126962215738494,73.95894428152492,400.0,128,,0.9118480121234332,2.3029040513589996,0.39595571147887365,1.0
optimistic_combined,d_optimal_equal,128,O3,769.9051568847697,2309.715470654309,0.37965424204338716,7.699051568847697,23.097154706543087,100.0,8 h,True,4,364.55615904259264,15.030248065784285,2.9606102575711173,26.126962215738494,73.95894428152492,400.0,128,,12.875560240805555,1.6723566696063341,7.699051568847697,1.0
optimistic_combined,d_optimal_equal,128,SO2,113.15490226288044,339.4647067886413,0.04186067532925225,2.828872556572011,8.486617669716033,40.0,24 h,True,4,364.55615904259264,15.030248065784285,2.9606102575711173,26.126962215738494,73.95894428152492,400.0,128,,5.4565022249842725,1.9288610977923963,2.828872556572011,1.0
optimistic_combined,d_optimal_equal,128,NO2,1750.8919703563097,5252.675911068929,0.9007883040685959,70.03567881425239,210.10703644275716,25.0,24 h,True,4,364.55615904259264,15.030248065784285,2.9606102575711173,26.126962215738494,73.95894428152492,400.0,128,,120.3396066934931,1.7182614451793357,70.03567881425239,1.0
optimistic_combined,uniform_equal,256,CO,2608.7972700481973,7826.3918101445925,2.2050345444287878,0.6521993175120493,1.956597952536148,4000.0,24 h,True,4,304.808981406251,15.234463075722928,-234.45184611960514,23.19705099503035,60.0,400.0,256,,0.6521993175120493,1.0,0.3529440394184889,0.5411597803641803
optimistic_combined,uniform_equal,256,O3,918.0607357571345,2754.1822072714035,0.45271245382219905,9.180607357571345,27.541822072714034,100.0,8 h,True,4,304.808981406251,15.234463075722928,-234.45184611960514,23.19705099503035,60.0,400.0,256,,9.180607357571345,1.0,5.925348208304019,0.6454200661808416
optimistic_combined,uniform_equal,256,SO2,174.0154678257131,522.0464034771393,0.06437551405415078,4.350386695642827,13.051160086928482,40.0,24 h,True,4,304.808981406251,15.234463075722928,-234.45184611960514,23.19705099503035,60.0,400.0,256,,4.350386695642827,1.0,2.5944040313030996,0.5963617059378998
optimistic_combined,uniform_equal,256,NO2,2209.2642147097417,6627.792644129226,1.1366088821589841,88.37056858838967,265.111705765169,25.0,24 h,True,4,304.808981406251,15.234463075722928,-234.45184611960514,23.19705099503035,60.0,400.0,256,,88.37056858838967,1.0,55.67592750135534,0.6300279424553817
optimistic_combined,d_optimal_equal,256,CO,1411.7761576739556,4235.328473021867,1.1932760097585133,0.3529440394184889,1.0588321182554667,4000.0,24 h,True,4,275.70835181525877,12.907975574060579,2.7684273531888905,23.125771633324202,73.29423264907136,358.78787878787875,256,,0.6521993175120493,1.8478830768373757,0.3529440394184889,1.0
optimistic_combined,d_optimal_equal,256,O3,592.5348208304019,1777.6044624912058,0.2921897019068149,5.925348208304019,17.776044624912057,100.0,8 h,True,4,275.70835181525877,12.907975574060579,2.7684273531888905,23.125771633324202,73.29423264907136,358.78787878787875,256,,9.180607357571345,1.5493785402696294,5.925348208304019,1.0
optimistic_combined,d_optimal_equal,256,SO2,103.77616125212398,311.32848375637195,0.0383910913819626,2.5944040313030996,7.783212093909299,40.0,24 h,True,4,275.70835181525877,12.907975574060579,2.7684273531888905,23.125771633324202,73.29423264907136,358.78787878787875,256,,4.350386695642827,1.6768346961971627,2.5944040313030996,1.0
optimistic_combined,d_optimal_equal,256,NO2,1391.8981875338834,4175.69456260165,0.7160953554031364,55.67592750135534,167.027782504066,25.0,24 h,True,4,275.70835181525877,12.907975574060579,2.7684273531888905,23.125771633324202,73.29423264907136,358.78787878787875,256,,88.37056858838967,1.5872311886719523,55.67592750135534,1.0
