scenario,method,tone_count,nuisance_case,target,column_domain,one_sigma_floor_molecules_cm2,three_sigma_floor_molecules_cm2,floor_to_real_q05_q95_range,three_sigma_floor_to_real_q05_q95_range,floor_to_median_retrieval_uncertainty,floor_to_real_median_column,identifiable,target_rank,target_condition_number,median_snr_db,q05_snr_db,q95_snr_db
reference,uniform,64,ideal_no_nuisance,CO_total_column,total_column,1.699390018198951e+20,5.098170054596853e+20,124.82597109200228,374.47791327600686,1204.3404821117804,51.23658654406859,True,2,2.247007848159202,20.286657435807882,-72.72812868112025,26.37261957573622
reference,uniform,64,ideal_no_nuisance,NO2_tropospheric_column,tropospheric_column,1.2802944776427608e+20,3.8408834329282825e+20,6871.942495657464,20615.827486972394,77247.96378091043,9820.543639260122,True,2,2.247007848159202,20.286657435807882,-72.72812868112025,26.37261957573622
reference,uniform,64,declared_nuisance,CO_total_column,total_column,1.913861584805773e+20,5.741584754417319e+20,140.57963639932987,421.7389091979896,1356.334307637646,57.70290143706681,True,2,2.0745727559859954,20.286657435807882,-72.72812868112025,26.37261957573622
reference,uniform,64,declared_nuisance,NO2_tropospheric_column,tropospheric_column,2.581729136877298e+20,7.745187410631894e+20,13857.35428668666,41572.06286005998,155771.44347666734,19803.24378195699,True,2,2.0745727559859954,20.286657435807882,-72.72812868112025,26.37261957573622
reference,d_optimal,64,ideal_no_nuisance,CO_total_column,total_column,1.1023735497741758e+20,3.3071206493225275e+20,80.97308291979712,242.9192487593914,781.2409618654573,33.23654792721291,True,2,3.0421289464632673,15.016182779000786,2.716782384578299,25.762519614104395
reference,d_optimal,64,ideal_no_nuisance,NO2_tropospheric_column,tropospheric_column,7.367891364970523e+19,2.210367409491157e+20,3954.6937566699658,11864.081270009898,44454.976198197444,5651.566881100808,True,2,3.0421289464632673,15.016182779000786,2.716782384578299,25.762519614104395
reference,d_optimal,64,declared_nuisance,CO_total_column,total_column,1.3094233636034766e+20,3.92827009081043e+20,96.18159526768771,288.5447858030631,927.9750664194019,39.47909707225343,True,2,1.2918249443369356,15.016182779000786,2.716782384578299,25.762519614104395
reference,d_optimal,64,declared_nuisance,NO2_tropospheric_column,tropospheric_column,1.4443436830628833e+20,4.33303104918865e+20,7752.471722168694,23257.415166506085,87146.05152546815,11078.888816051389,True,2,1.2918249443369356,15.016182779000786,2.716782384578299,25.762519614104395
reference,uniform,128,ideal_no_nuisance,CO_total_column,total_column,3.17758875761723e+20,9.532766272851689e+20,233.4046911850012,700.2140735550037,2251.924946786221,95.80425896208496,True,2,13.229729352811043,17.478425400892824,-97.20342502763097,23.398556261691343
reference,uniform,128,ideal_no_nuisance,NO2_tropospheric_column,tropospheric_column,9.443345379375278e+19,2.8330036138125833e+20,5068.687520482054,15206.062561446164,56977.45437281774,7243.551153130659,True,2,13.229729352811043,17.478425400892824,-97.20342502763097,23.398556261691343
reference,uniform,128,declared_nuisance,CO_total_column,total_column,3.524464549904161e+20,1.0573393649712484e+21,258.8838967569,776.6516902707,2497.752305098291,106.26255950593988,True,2,3.958390467999924,17.478425400892824,-97.20342502763097,23.398556261691343
reference,uniform,128,declared_nuisance,NO2_tropospheric_column,tropospheric_column,1.84152760357556e+20,5.52458281072668e+20,9884.344591751194,29653.03377525358,111110.576595211,14125.501991630152,True,2,3.958390467999924,17.478425400892824,-97.20342502763097,23.398556261691343
reference,d_optimal,128,ideal_no_nuisance,CO_total_column,total_column,1.0641708453163044e+20,3.1925125359489135e+20,78.16696447069118,234.50089341207357,754.1670924110939,32.08473689371768,True,2,3.58115643077972,14.872744303975793,2.0130639401121253,23.454891383932047
reference,d_optimal,128,ideal_no_nuisance,NO2_tropospheric_column,tropospheric_column,6.339973770659569e+19,1.9019921311978707e+20,3402.9620479317487,10208.886143795247,38252.92327352262,4863.099089606457,True,2,3.58115643077972,14.872744303975793,2.0130639401121253,23.454891383932047
reference,d_optimal,128,declared_nuisance,CO_total_column,total_column,1.1819131349939038e+20,3.5457394049817117e+20,86.81553571696617,260.44660715089856,837.6098597550786,35.63466536826334,True,2,1.2126889803482943,14.872744303975793,2.0130639401121253,23.454891383932047
reference,d_optimal,128,declared_nuisance,NO2_tropospheric_column,tropospheric_column,1.1893000590397805e+20,3.5679001771193414e+20,6383.532662619081,19150.597987857243,71757.71628296773,9122.567763846704,True,2,1.2126889803482943,14.872744303975793,2.0130639401121253,23.454891383932047
reference,uniform,256,ideal_no_nuisance,CO_total_column,total_column,1.524456121562996e+20,4.573368364688988e+20,111.97648198670932,335.92944596012796,1080.3666025690952,45.96233187710376,True,2,5.800976242856026,14.387197546357442,-98.38119608728391,20.388090311136665
reference,uniform,256,ideal_no_nuisance,NO2_tropospheric_column,tropospheric_column,6.746555602428554e+19,2.0239666807285662e+20,3621.1936357801774,10863.580907340533,40706.0791031325,5174.96910791421,True,2,5.800976242856026,14.387197546357442,-98.38119608728391,20.388090311136665
reference,uniform,256,declared_nuisance,CO_total_column,total_column,1.6409852058187986e+20,4.9229556174563954e+20,120.53593917247548,361.60781751742644,1162.9495835268235,49.47568222424844,True,2,1.6230381512628125,14.387197546357442,-98.38119608728391,20.388090311136665
reference,uniform,256,declared_nuisance,NO2_tropospheric_column,tropospheric_column,1.349584831297771e+20,4.0487544938933125e+20,7243.85640619599,21731.569218587967,81428.67284665882,10352.037724200372,True,2,1.6230381512628125,14.387197546357442,-98.38119608728391,20.388090311136665
reference,d_optimal,256,ideal_no_nuisance,CO_total_column,total_column,1.0477661470317666e+20,3.1432984410953e+20,76.96198364115273,230.88595092345818,742.5412490029767,31.590135457682504,True,2,4.802161756614832,15.30932980865665,0.6981740516484933,20.444395671142857
reference,d_optimal,256,ideal_no_nuisance,NO2_tropospheric_column,tropospheric_column,5.1662928646167134e+19,1.549887859385014e+20,2772.992315544279,8318.976946632838,31171.391508481087,3962.8230392417095,True,2,4.802161756614832,15.30932980865665,0.6981740516484933,20.444395671142857
reference,d_optimal,256,declared_nuisance,CO_total_column,total_column,1.1284214423422706e+20,3.385264327026812e+20,82.88638913549359,248.65916740648078,799.7008393259018,34.021891543194734,True,2,1.4077363591727485,15.30932980865665,0.6981740516484933,20.444395671142857
reference,d_optimal,256,declared_nuisance,NO2_tropospheric_column,tropospheric_column,1.0202693357869241e+20,3.060808007360772e+20,5476.26528743547,16428.795862306408,61559.063226415914,7826.0116800177175,True,2,1.4077363591727485,15.30932980865665,0.6981740516484933,20.444395671142857
optimistic_combined,uniform,64,ideal_no_nuisance,CO_total_column,total_column,5.087634969549696e+18,1.5262904908649087e+19,3.7370407548276035,11.211122264482809,36.05555338338409,1.5339212695754767,True,2,2.066689756034599,20.7990308380147,-246.37432299821114,28.727131427205418
optimistic_combined,uniform,64,ideal_no_nuisance,NO2_tropospheric_column,tropospheric_column,4.3064584673379896e+18,1.2919375402013968e+19,231.1478762446193,693.443628733858,2598.3486886658525,330.3284052823558,True,2,2.066689756034599,20.7990308380147,-246.37432299821114,28.727131427205418
optimistic_combined,uniform,64,declared_nuisance,CO_total_column,total_column,5.979844069150999e+18,1.7939532207452996e+19,4.392398654321957,13.17719596296587,42.37854884440929,1.8029221949520775,True,2,2.751534782425872,20.7990308380147,-246.37432299821114,28.727131427205418
optimistic_combined,uniform,64,declared_nuisance,NO2_tropospheric_column,tropospheric_column,9.418318833027238e+18,2.8254956499081716e+19,505.52545962312774,1516.5763788693832,5682.645397567363,722.4354453086822,True,2,2.751534782425872,20.7990308380147,-246.37432299821114,28.727131427205418
optimistic_combined,d_optimal,64,ideal_no_nuisance,CO_total_column,total_column,3.391622927495713e+18,1.0174868782487138e+19,2.4912622821642825,7.473786846492847,24.036087936838488,1.022573863495161,True,2,2.8373200075361367,16.00353942807746,2.812186761265264,28.59743283071771
optimistic_combined,d_optimal,64,ideal_no_nuisance,NO2_tropospheric_column,tropospheric_column,2.756836602686876e+18,8.270509808060629e+18,147.9723839664491,443.9171518993473,1663.3674342354382,211.46411732434586,True,2,2.8373200075361367,16.00353942807746,2.812186761265264,28.59743283071771
optimistic_combined,d_optimal,64,declared_nuisance,CO_total_column,total_column,3.792375685711048e+18,1.1377127057133144e+19,2.785628800010753,8.35688640003226,26.876182116914922,1.1434007670263218,True,2,1.7137494478009816,16.00353942807746,2.812186761265264,28.59743283071771
optimistic_combined,d_optimal,64,declared_nuisance,NO2_tropospheric_column,tropospheric_column,4.822053995641459e+18,1.4466161986924376e+19,258.8223127386601,776.4669382159803,2909.4388744902667,369.87734089312426,True,2,1.7137494478009816,16.00353942807746,2.812186761265264,28.59743283071771
optimistic_combined,uniform,128,ideal_no_nuisance,CO_total_column,total_column,9.787160321280883e+18,2.9361480963842646e+19,7.189001808023879,21.56700542407164,69.36061324126696,2.9508275407751334,True,2,11.821747732702706,17.896379403504184,-298.02768344413636,25.732233327948613
optimistic_combined,uniform,128,ideal_no_nuisance,NO2_tropospheric_column,tropospheric_column,3.1126208535639567e+18,9.33786256069187e+18,167.0689977188523,501.2069931565569,1878.0337426942003,238.7546729185001,True,2,11.821747732702706,17.896379403504184,-298.02768344413636,25.732233327948613
optimistic_combined,uniform,128,declared_nuisance,CO_total_column,total_column,1.1287660540056814e+19,3.386298162017044e+19,8.291170203310639,24.873510609931916,79.99450621190269,3.403228158028296,True,2,3.591670965416075,17.896379403504184,-298.02768344413636,25.732233327948613
optimistic_combined,uniform,128,declared_nuisance,NO2_tropospheric_column,tropospheric_column,6.222529230000005e+18,1.8667587690000015e+19,333.99240403534156,1001.9772121060246,3754.4308827271207,477.3012843287278,True,2,3.591670965416075,17.896379403504184,-298.02768344413636,25.732233327948613
optimistic_combined,d_optimal,128,ideal_no_nuisance,CO_total_column,total_column,3.2713928992480143e+18,9.814178697744044e+18,2.40294924119242,7.20884772357726,23.184029912291503,0.9863245259002651,True,2,3.337790863950577,15.702049922202008,2.051138120578288,25.62250039135215
optimistic_combined,d_optimal,128,ideal_no_nuisance,NO2_tropospheric_column,tropospheric_column,2.0870098759142226e+18,6.261029627742668e+18,112.01963380766482,336.05890142299444,1259.220172548526,160.0848236080679,True,2,3.337790863950577,15.702049922202008,2.051138120578288,25.62250039135215
optimistic_combined,d_optimal,128,declared_nuisance,CO_total_column,total_column,3.640547661955931e+18,1.0921642985867792e+19,2.674105957689378,8.022317873068133,25.800192300750723,1.0976246379703887,True,2,1.3618136837901118,15.702049922202008,2.051138120578288,25.62250039135215
optimistic_combined,d_optimal,128,declared_nuisance,NO2_tropospheric_column,tropospheric_column,3.904555418053357e+18,1.171366625416007e+19,209.5758497167972,628.7275491503915,2355.8561001502944,299.5002911010124,True,2,1.3618136837901118,15.702049922202008,2.051138120578288,25.62250039135215
optimistic_combined,uniform,256,ideal_no_nuisance,CO_total_column,total_column,4.900451039098162e+18,1.4701353117294486e+19,3.5995477977005885,10.798643393101765,34.72899983988089,1.477485339332675,True,2,5.583700440958587,14.74814843037543,-295.13159520261837,22.727136602047693
optimistic_combined,uniform,256,ideal_no_nuisance,NO2_tropospheric_column,tropospheric_column,2.2157265311615107e+18,6.647179593484532e+18,118.92846196039812,356.7853858811944,1336.8827704599796,169.95807973804006,True,2,5.583700440958587,14.74814843037543,-295.13159520261837,22.727136602047693
optimistic_combined,uniform,256,declared_nuisance,CO_total_column,total_column,5.411423292858137e+18,1.623426987857441e+19,3.974874280106646,11.924622840319937,38.35020841383278,1.6315434061744312,True,2,1.553640255729359,14.74814843037543,-295.13159520261837,22.727136602047693
optimistic_combined,uniform,256,declared_nuisance,NO2_tropospheric_column,tropospheric_column,4.5688089484142986e+18,1.3706426845242896e+19,245.2294602172678,735.6883806518034,2756.640712992946,350.4520908342486,True,2,1.553640255729359,14.74814843037543,-295.13159520261837,22.727136602047693
optimistic_combined,d_optimal,256,ideal_no_nuisance,CO_total_column,total_column,3.349045942439266e+18,1.0047137827317797e+19,2.4599880399425156,7.379964119827546,23.734349159038132,1.0097369081390142,True,2,4.820669473809822,15.645252705968382,1.5492426971566111,22.7349303102893
optimistic_combined,d_optimal,256,ideal_no_nuisance,NO2_tropospheric_column,tropospheric_column,1.6518837345890552e+18,4.955651203767166e+18,88.6643677047502,265.99310311425063,996.6820690717357,126.70832051376169,True,2,4.820669473809822,15.645252705968382,1.5492426971566111,22.7349303102893
optimistic_combined,d_optimal,256,declared_nuisance,CO_total_column,total_column,3.669858517275679e+18,1.1009575551827038e+19,2.6956357768576837,8.086907330573052,26.007915361665876,1.1064618569677238,True,2,1.4540577222763966,15.645252705968382,1.5492426971566111,22.7349303102893
optimistic_combined,d_optimal,256,declared_nuisance,NO2_tropospheric_column,tropospheric_column,3.3529589476784307e+18,1.0058876843035292e+19,179.96907337419242,539.9072201225773,2023.0443532492843,257.18989061758305,True,2,1.4540577222763966,15.645252705968382,1.5492426971566111,22.7349303102893
