frames,elapsed_s,residual_std_db,target,standard_error_ug_m3,control,truth_ug_m3,bias_ug_m3,mae_ug_m3,rmse_ug_m3,p95_absolute_error_ug_m3,mae_pct_of_truth,rmse_pct_of_truth,within_20pct_of_truth_pct,negative_estimate_pct,conditional_95pct_interval_coverage_pct
1,0.01,0.0,H2CO,342.3826672505372,positive,1.0,1.2477888966507193,275.67887426052084,346.9670343728789,686.7393554298644,27567.887426052082,34696.70343728789,0.04,49.9,94.46
1,0.01,0.0,H2CO,342.3826672505372,absent,0.0,-0.6025502879872336,273.91000711243214,345.2906705078455,687.487509243723,,,,49.94,94.62
1,0.01,0.0,CH3OH,835.6144576388228,positive,1.0,-0.9019256199329724,654.2623973618428,824.108163221827,1624.972794010657,65426.239736184274,82410.8163221827,0.02,49.54,95.14
1,0.01,0.0,CH3OH,835.6144576388228,absent,0.0,-16.30772488493089,658.0607615373053,827.1653278024527,1621.8327082813228,,,,50.63999999999999,95.16
1,0.01,0.0,CH3CN,79.84825060255156,positive,1.0,0.9938993546688962,62.97853646869636,79.2961984944622,154.45275660362395,6297.853646869637,7929.6198494462205,0.1,48.3,95.19999999999999
1,0.01,0.0,CH3CN,79.84825060255156,absent,0.0,0.5610013516119139,64.06032537731784,80.24177594822682,156.4548075550144,,,,49.54,95.0
1,0.01,0.0,PM2.5,6667359644.392581,positive,49.0,19625943.79285401,5369473614.028258,6745658391.947925,13212670356.85396,10958109416.384201,13766649779.485561,0.0,49.919999999999995,94.86
1,0.01,0.0,PM2.5,6667359644.392581,absent,0.0,-72874150.05180867,5394252166.159071,6744468961.567771,13084626182.259157,,,,50.0,94.88
1,0.01,0.0,PMcoarse,8183065917.680213,positive,41.0,-24082144.191873424,6590125448.425027,8279152019.891716,16216937391.116364,16073476703.475676,20193053707.052967,0.0,50.080000000000005,94.86
1,0.01,0.0,PMcoarse,8183065917.680213,absent,0.0,89412213.1635036,6620537467.485215,8277693092.265189,16057361086.000658,,,,50.0,94.88
1,0.01,0.0,PM10,1515706577.2453918,positive,90.0,-4456200.399019423,1220651834.3967688,1533493933.0597591,3004246641.7063346,1356279815.99641,1703882147.844177,0.0,50.080000000000005,94.86
1,0.01,0.0,PM10,1515706577.2453918,absent,0.0,16538063.111694913,1226285653.6308048,1533224441.6639686,2974068968.5987797,,,,49.96,94.88
1,0.01,0.001,H2CO,342.3859048514242,positive,1.0,1.2200238537980967,275.7072941207947,347.00453869196804,686.7450870842008,27570.72941207947,34700.453869196805,0.04,49.94,94.44
1,0.01,0.001,H2CO,342.3859048514242,absent,0.0,-0.6658915192624658,273.93650932549934,345.3088060816445,688.2493007545698,,,,49.980000000000004,94.67999999999999
1,0.01,0.001,CH3OH,835.6249372040841,positive,1.0,-0.9491008865698023,654.2309509672733,824.0897277814001,1626.0600752283055,65423.09509672733,82408.97277814001,0.0,49.58,95.17999999999999
1,0.01,0.001,CH3OH,835.6249372040841,absent,0.0,-16.33422899306103,657.9897730593658,827.1227842468905,1620.2867832992342,,,,50.660000000000004,95.17999999999999
1,0.01,0.001,CH3CN,79.84912487401068,positive,1.0,0.9952929930259077,62.969718855291724,79.2902018174189,154.45888076091754,6296.971885529172,7929.02018174189,0.12,48.36,95.22
1,0.01,0.001,CH3CN,79.84912487401068,absent,0.0,0.5630115481170384,64.06205709720543,80.24648478809723,156.5847485649304,,,,49.58,94.98
1,0.01,0.001,PM2.5,6667412802.13723,positive,49.0,19473653.47012807,5369473106.342279,6745725594.448872,13194323573.983034,10958108380.290367,13766786927.446678,0.0,49.86,94.89999999999999
1,0.01,0.001,PM2.5,6667412802.13723,absent,0.0,-73281200.12592359,5394441579.314352,6744527966.741907,13082239163.04323,,,,50.03999999999999,94.92
1,0.01,0.001,PMcoarse,8183131159.108717,positive,41.0,-23895296.737680055,6590122949.0065565,8279234354.902803,16194411604.866707,16073470607.333065,20193254524.15318,0.0,50.12,94.89999999999999
1,0.01,0.001,PMcoarse,8183131159.108717,absent,0.0,89911908.6794447,6620770015.926438,8277765468.158661,16055472779.782755,,,,49.96,94.92
1,0.01,0.001,PM10,1515718660.932094,positive,90.0,-4421643.267552008,1220649875.0961757,1533509065.5252304,3000088030.8836718,1356277638.9957507,1703898961.6947005,0.0,50.12,94.89999999999999
1,0.01,0.001,PM10,1515718660.932094,absent,0.0,16630708.55352114,1226328840.4815354,1533237812.3749013,2973549564.842852,,,,49.94,94.92
10,0.1,0.0,H2CO,108.27090598744878,positive,1.0,0.40149110121114967,87.1352985269159,109.64145461855576,217.23826561549095,8713.52985269159,10964.145461855576,0.22,49.519999999999996,94.48
10,0.1,0.0,H2CO,108.27090598744878,absent,0.0,-0.14434808102045277,86.61538810660508,109.19528735114308,216.58974014671196,,,,49.9,94.58
10,0.1,0.0,CH3OH,264.2444931905016,positive,1.0,-0.2511809492545306,206.90624855846232,260.6055661628108,514.5666086578198,20690.624855846232,26060.556616281083,0.04,49.5,95.08
10,0.1,0.0,CH3OH,264.2444931905016,absent,0.0,-5.163920919159541,208.08505226004488,261.5014736666217,512.0685611258982,,,,50.6,95.22
10,0.1,0.0,CH3CN,25.250233908396034,positive,1.0,0.32433991866768636,19.913260960012842,25.075616183226714,48.59659241477546,1991.3260960012842,2507.561618322671,0.54,47.22,95.26
10,0.1,0.0,CH3CN,25.250233908396034,absent,0.0,0.17967987941383526,20.252153880972852,25.3663508461557,49.533523258825184,,,,49.6,94.94
10,0.1,0.0,PM2.5,2108404245.5696173,positive,49.0,6138863.680938056,1698187051.2007403,2131754922.516173,4152260399.552789,3465687859.5933475,4350520250.033006,0.0,49.86,94.86
10,0.1,0.0,PM2.5,2108404245.5696173,absent,0.0,-22397872.808732674,1704768005.9419966,2131940388.9614604,4139355900.6868277,,,,50.0,94.96
10,0.1,0.0,PMcoarse,2587712654.3073754,positive,41.0,-7532949.126449742,2084237134.0992703,2616367775.872106,5096370727.437721,5083505205.120172,6381384819.200258,0.0,50.18,94.86
10,0.1,0.0,PMcoarse,2587712654.3073754,absent,0.0,27480611.790958043,2092316557.875607,2616595802.337823,5081019786.931124,,,,50.0,94.96
10,0.1,0.0,PM10,479308504.8576424,positive,90.0,-1394085.4455116913,386050143.6491695,484612949.77370006,944110327.8849322,428944604.05463284,538458833.0818889,0.0,50.18,94.86
10,0.1,0.0,PM10,479308504.8576424,absent,0.0,5082738.982225368,387548589.4291957,484655511.7537677,941663886.2442962,,,,49.980000000000004,94.96
10,0.1,0.001,H2CO,108.28114358268479,positive,1.0,0.3737407173634524,87.17197388842577,109.68637944695858,217.03317340589095,8717.197388842576,10968.637944695858,0.16,49.46,94.5
10,0.1,0.001,H2CO,108.28114358268479,absent,0.0,-0.20772306547204397,86.64004706033678,109.22079459622759,216.81603372940936,,,,49.86,94.62
10,0.1,0.001,CH3OH,264.2776303977779,positive,1.0,-0.2982888477317447,206.88756448071328,260.61022443662426,515.4437161763506,20688.756448071326,26061.022443662427,0.08,49.46,95.12
10,0.1,0.001,CH3OH,264.2776303977779,absent,0.0,-5.190453460864593,208.0298515920728,261.4833340305616,513.2028306841652,,,,50.56,95.17999999999999
10,0.1,0.001,CH3CN,25.252998402029014,positive,1.0,0.32572210905125093,19.905732817465765,25.071555072699294,48.6562443482742,1990.5732817465764,2507.1555072699293,0.6799999999999999,47.04,95.24000000000001
10,0.1,0.001,CH3CN,25.252998402029014,absent,0.0,0.18169146587550358,20.255214104745885,25.372867148331537,49.679589646114664,,,,49.58,94.94
10,0.1,0.001,PM2.5,2108572334.31699,positive,49.0,5986828.612404712,1698319654.5663311,2131940305.961029,4175091712.2979937,3465958478.7067986,4350898583.593937,0.0,49.84,94.8
10,0.1,0.001,PM2.5,2108572334.31699,absent,0.0,-22804977.03893631,1705095647.5476685,2132117007.1938376,4134487815.4946837,,,,50.019999999999996,94.98
10,0.1,0.001,PMcoarse,2587918952.5630207,positive,41.0,-7346414.80687117,2084400219.643929,2616595158.729891,5124136221.685494,5083902974.741291,6381939411.536319,0.0,50.160000000000004,94.8
10,0.1,0.001,PMcoarse,2587918952.5630207,absent,0.0,27980373.825164735,2092719211.6949275,2616812527.5922565,5075061110.815686,,,,49.980000000000004,94.98
10,0.1,0.001,PM10,479346714.374901,positive,90.0,-1359586.1944664612,386080565.0775977,484654949.1473288,949044509.3875004,428978405.6417752,538505499.0525875,0.0,50.160000000000004,94.8
10,0.1,0.001,PM10,479346714.374901,absent,0.0,5175396.786228408,387623661.3171347,484695618.77345204,940284219.1869154,,,,49.96,94.98
1000,10.0,0.0,H2CO,10.827090598740138,positive,1.0,0.04041710159435144,8.713059796757618,10.962059529868265,21.64767028240244,871.3059796757617,1096.2059529868266,1.34,45.98,94.46
1000,10.0,0.0,H2CO,10.827090598740138,absent,0.0,-0.012598604184765595,8.662449238213096,10.921034546787745,21.666767875994523,,,,50.019999999999996,94.6
1000,10.0,0.0,CH3OH,26.42444931904921,positive,1.0,-0.023573701099914263,20.692236867788395,26.0626948795599,51.52000368836587,2069.2236867788397,2606.26948795599,0.4,48.16,95.08
1000,10.0,0.0,CH3OH,26.42444931904921,absent,0.0,-0.5166264494872348,20.808964668550917,26.149340690283992,51.20539934919549,,,,50.54,95.19999999999999
1000,10.0,0.0,CH3CN,2.5250233908412665,positive,1.0,0.03283926895744895,1.9913722831789629,2.5078446051101766,4.864894726727118,199.13722831789627,250.78446051101767,6.72,33.900000000000006,95.28
1000,10.0,0.0,CH3CN,2.5250233908412665,absent,0.0,0.018070120111103566,2.025250667254879,2.5365645283158136,4.958212313816732,,,,49.64,94.94
1000,10.0,0.0,PM2.5,210840424.55750087,positive,49.0,613206.3637006271,169845564.08149213,213149608.04258126,416683993.8765661,346623600.1663104,434999200.08690053,0.0,50.019999999999996,94.78
1000,10.0,0.0,PM2.5,210840424.55750087,absent,0.0,-2212851.4393593837,170463947.52988622,213193408.9061218,413595776.93555665,,,,50.03999999999999,94.94
1000,10.0,0.0,PMcoarse,258771265.43139926,positive,41.0,-752469.8923624672,208456663.46467486,261605011.53104612,511421881.46865606,508430886.499207,638061003.7342588,0.0,49.980000000000004,94.78
1000,10.0,0.0,PMcoarse,258771265.43139926,absent,0.0,2715002.148829708,209215894.80999586,261658814.7543069,507605993.9059582,,,,49.96,94.94
1000,10.0,0.0,PM10,47930850.4858871,positive,90.0,-139263.52866183882,38611118.75281827,48455413.129435,94760948.35494737,42901243.058686964,53839347.92159445,0.0,50.019999999999996,94.78
1000,10.0,0.0,PM10,47930850.4858871,absent,0.0,502150.70947032387,38751947.28010963,48465415.689658135,94027428.07183002,,,,49.96,94.94
1000,10.0,0.001,H2CO,10.928818133558538,positive,1.0,0.012998706292130433,8.820515448718837,11.09369116753703,21.961091290960994,882.0515448718836,1109.3691167537029,1.44,46.28,94.52000000000001
1000,10.0,0.001,H2CO,10.928818133558538,absent,0.0,-0.07641635232022745,8.757883173780627,11.036830222035675,21.57043970101934,,,,50.18,94.86
1000,10.0,0.001,CH3OH,26.753556933158556,positive,1.0,-0.07023534164254748,20.94417159294842,26.365757053196344,51.85036615376306,2094.417159294842,2636.5757053196344,0.52,48.36,95.28
1000,10.0,0.001,CH3OH,26.753556933158556,absent,0.0,-0.5437361400146425,21.013506032561377,26.430047239059576,51.379134326748826,,,,50.5,95.38
1000,10.0,0.001,CH3CN,2.552456608857331,positive,1.0,0.03405388456293414,2.0055837292980923,2.528595425773583,4.959671991635864,200.55837292980922,252.85954257735833,6.64,33.56,95.22
1000,10.0,0.001,CH3CN,2.552456608857331,absent,0.0,0.02007824297891794,2.0509677143956466,2.5664664448881025,5.011802401323834,,,,50.160000000000004,94.92
1000,10.0,0.001,PM2.5,212509566.9162675,positive,49.0,466600.2723390129,171170546.30358893,214764252.54570034,418501046.58643675,349327645.5175284,438294392.9504089,0.0,49.9,94.89999999999999
1000,10.0,0.001,PM2.5,212509566.9162675,absent,0.0,-2622247.38742407,171901972.3638594,214843508.805228,420482782.83316934,,,,49.82,94.86
1000,10.0,0.001,PMcoarse,260819833.0180508,positive,41.0,-572596.5212314744,210082746.59273598,263586549.422581,513684837.59478164,512396942.90911216,642894022.9819049,0.0,50.1,94.89999999999999
1000,10.0,0.001,PMcoarse,260819833.0180508,absent,0.0,3217577.1736541754,210980914.25216526,263683974.19582233,516076896.63413835,,,,50.18,94.86
1000,10.0,0.001,PM10,48310275.803007126,positive,90.0,-105996.24889246174,38912208.28959262,48822306.5589989,95183791.00834492,43235786.98843625,54247007.28777655,0.0,50.06,94.89999999999999
1000,10.0,0.001,PM10,48310275.803007126,absent,0.0,595329.7862301059,39078941.88830588,48840475.30696123,95594113.80096903,,,,50.18,94.86
