target,concentration_ug_m3,predicted_recall_pct
H2CO,0.01,1.0024642623576183
H2CO,0.010232929922807542,1.0025217255107213
H2CO,0.010471285480508996,1.002580530128661
H2CO,0.010715193052376065,1.0026407075985557
H2CO,0.01096478196143185,1.002702290045245
H2CO,0.011220184543019636,1.0027653103487966
H2CO,0.01148153621496883,1.002829802162415
H2CO,0.011748975549395297,1.002895799930802
H2CO,0.012022644346174132,1.0029633389089438
H2CO,0.012302687708123818,1.0030324551813674
H2CO,0.012589254117941675,1.0031031856818586
H2CO,0.012882495516931342,1.0031755682136525
H2CO,0.013182567385564075,1.0032496414701184
H2CO,0.013489628825916533,1.0033254450559481
H2CO,0.013803842646028852,1.0034030195088564
H2CO,0.01412537544622754,1.0034824063218146
H2CO,0.014454397707459272,1.0035636479658159
H2CO,0.014791083881682071,1.0036467879132036
H2CO,0.01513561248436208,1.0037318706615674
H2CO,0.01548816618912481,1.0038189417582206
H2CO,0.015848931924611134,1.0039080478252795
H2CO,0.0162181009735893,1.0039992365853507
H2CO,0.016595869074375606,1.0040925568878554
H2CO,0.016982436524617443,1.0041880587359913
H2CO,0.017378008287493755,1.0042857933143652
H2CO,0.01778279410038923,1.0043858130172976
H2CO,0.018197008586099836,1.0044881714778238
H2CO,0.018620871366628676,1.0045929235974234
H2CO,0.019054607179632473,1.0047001255764592
H2CO,0.019498445997580455,1.0048098349453916
H2CO,0.0199526231496888,1.004922110596748
H2CO,0.020417379446695295,1.0050370128178967
H2CO,0.020892961308540396,1.0051546033246226
H2CO,0.021379620895022326,1.0052749452955454
H2CO,0.02187761623949553,1.0053981034073904
H2CO,0.0223872113856834,1.005524143871132
H2CO,0.022908676527677724,1.0056531344690511
H2CO,0.023442288153199226,1.0057851445927075
H2CO,0.023988329190194897,1.0059202452818623
H2CO,0.02454708915685031,1.006058509264386
H2CO,0.025118864315095794,1.0062000109971527
H2CO,0.025703957827688646,1.0063448267079713
H2CO,0.026302679918953815,1.0064930344385714
H2CO,0.026915348039269153,1.0066447140886718
H2CO,0.02754228703338166,1.0067999474611578
H2CO,0.028183829312644536,1.006958818308409
H2CO,0.028840315031266057,1.0071214123797931
H2CO,0.029512092266663854,1.007287817470373
H2CO,0.03019951720402016,1.0074581234708406
H2CO,0.030902954325135904,1.0076324224187392
H2CO,0.03162277660168379,1.007810808550975
H2CO,0.03235936569296283,1.0079933783576909
H2CO,0.03311311214825911,1.0081802306374976
H2CO,0.033884415613920256,1.0083714665541457
H2CO,0.034673685045253165,1.0085671896946358
H2CO,0.03548133892335755,1.0087675061288393
H2CO,0.03630780547701014,1.0089725244706562
H2CO,0.03715352290971726,1.009182355940747
H2CO,0.038018939632056124,1.0093971144309084
H2CO,0.03890451449942805,1.0096169165701012
H2CO,0.039810717055349734,1.009841881792217
H2CO,0.04073802778041126,1.0100721324056074
H2CO,0.04168693834703355,1.0103077936644245
H2CO,0.04265795188015926,1.0105489938418477
H2CO,0.04365158322401661,1.0107958643052222
H2CO,0.0446683592150963,1.011048539593185
H2CO,0.04570881896148752,1.0113071574948325
H2CO,0.046773514128719815,1.0115718591309717
H2CO,0.04786300923226385,1.011842789037539
H2CO,0.04897788193684462,1.012120095251238
H2CO,0.05011872336272725,1.0124039293974656
H2CO,0.05128613839913648,1.012694446780581
H2CO,0.05248074602497726,1.0129918064766081
H2CO,0.05370317963702527,1.0132961714284252
H2CO,0.054954087385762455,1.0136077085435307
H2CO,0.05623413251903491,1.0139265887944429
H2CO,0.057543993733715694,1.014252987321837
H2CO,0.0588843655355589,1.0145870835404727
H2CO,0.06025595860743578,1.0149290612480364
H2CO,0.06165950018614822,1.0152791087369373
H2CO,0.06309573444801933,1.0156374189091937
H2CO,0.06456542290346556,1.0160041893944725
H2CO,0.06606934480075961,1.0163796226713966
H2CO,0.06760829753919818,1.016763926192209
H2CO,0.06918309709189363,1.017157312510907
H2CO,0.0707945784384138,1.0175599994149571
H2CO,0.07244359600749899,1.0179722100606785
H2CO,0.07413102413009177,1.0183941731124564
H2CO,0.07585775750291836,1.0188261228858537
H2CO,0.07762471166286919,1.0192682994947773
H2CO,0.07943282347242814,1.0197209490028356
H2CO,0.08128305161640995,1.0201843235789743
H2CO,0.08317637711026708,1.0206586816575973
H2CO,0.08511380382023767,1.0211442881032524
H2CO,0.08709635899560805,1.0216414143800692
H2CO,0.08912509381337459,1.022150338726093
H2CO,0.09120108393559097,1.0226713463326718
H2CO,0.0933254300796991,1.0232047295290747
H2CO,0.09549925860214359,1.0237507879724863
H2CO,0.09772372209558107,1.0243098288436063
H2CO,0.1,1.0248821670479757
H2CO,0.10232929922807542,1.0254681254232862
H2CO,0.10471285480508996,1.0260680349528306
H2CO,0.10715193052376065,1.026682234985312
H2CO,0.1096478196143185,1.0273110734612578
H2CO,0.11220184543019636,1.0279549071461997
H2CO,0.1148153621496883,1.0286141018709383
H2CO,0.11748975549395298,1.029289032779055
H2CO,0.12022644346174131,1.0299800845819749
H2CO,0.12302687708123818,1.0306876518218318
H2CO,0.12589254117941676,1.031412139142397
H2CO,0.12882495516931342,1.0321539615683681
H2CO,0.13182567385564073,1.0329135447933167
H2CO,0.1348962882591654,1.0336913254765836
H2CO,0.13803842646028852,1.0344877515494768
H2CO,0.14125375446227548,1.0353032825310642
H2CO,0.1445439770745927,1.0361383898539425
H2CO,0.1479108388168207,1.0369935572003313
H2CO,0.1513561248436208,1.037869280848863
H2CO,0.1548816618912481,1.0387660700324801
H2CO,0.15848931924611134,1.03968444730782
H2CO,0.16218100973589297,1.0406249489365562
H2CO,0.16595869074375605,1.0415881252790975
H2CO,0.16982436524617442,1.0425745412011336
H2CO,0.17378008287493754,1.0435847764935051
H2CO,0.1778279410038923,1.0446194263059105
H2CO,0.18197008586099836,1.0456791015949538
H2CO,0.18620871366628675,1.046764429587116
H2CO,0.19054607179632474,1.0478760542571801
H2CO,0.19498445997580455,1.0490146368227595
H2CO,0.19952623149688797,1.050180856255507
H2CO,0.20417379446695297,1.0513754098096895
H2CO,0.20892961308540398,1.0525990135687904
H2CO,0.21379620895022325,1.0538524030108622
H2CO,0.2187761623949553,1.0551363335933688
H2CO,0.223872113856834,1.0564515813582909
H2CO,0.22908676527677735,1.0577989435583213
H2CO,0.23442288153199228,1.0591792393049848
H2CO,0.2398832919019491,1.0605933102395648
H2CO,0.2454708915685031,1.0620420212277957
H2CO,0.25118864315095807,1.0635262610792589
H2CO,0.25703957827688634,1.0650469432925211
H2CO,0.26302679918953814,1.066605006827071
H2CO,0.26915348039269155,1.0682014169031617
H2CO,0.2754228703338166,1.0698371658307475
H2CO,0.28183829312644537,1.0715132738687052
H2CO,0.28840315031266056,1.073230790115642
H2CO,0.29512092266663853,1.0749907934336291
H2CO,0.3019951720402016,1.0767943934062472
H2CO,0.30902954325135906,1.0786427313324305
H2CO,0.31622776601683794,1.0805369812576584
H2CO,0.32359365692962827,1.0824783510440839
H2CO,0.3311311214825911,1.084468083481328
H2CO,0.33884415613920255,1.086507457439697
H2CO,0.34673685045253166,1.0885977890676892
H2CO,0.35481338923357547,1.0907404330357764
H2CO,0.3630780547701014,1.0929367838284658
H2CO,0.37153522909717257,1.0951882770868542
H2CO,0.38018939632056126,1.0974963910039015
H2CO,0.38904514499428067,1.0998626477748203
H2CO,0.3981071705534973,1.1022886151050753
H2CO,0.40738027780411284,1.1047759077786306
H2CO,0.41686938347033553,1.1073261892891768
H2CO,0.4265795188015928,1.109941173537276
H2CO,0.4365158322401661,1.1126226265964485
H2CO,0.44668359215096326,1.1153723685514114
H2CO,0.4570881896148752,1.1181922754118625
H2CO,0.4677351412871981,1.1210842811053263
H2CO,0.47863009232263826,1.1240503795528407
H2CO,0.48977881936844614,1.1270926268313621
H2CO,0.5011872336272722,1.130213143427087
H2CO,0.5128613839913648,1.1334141165839944
H2CO,0.5248074602497725,1.1366978027522396
H2CO,0.5370317963702527,1.1400665301412123
H2CO,0.5495408738576245,1.1435227013823739
H2CO,0.5623413251903491,1.1470687963072135
H2CO,0.5754399373371569,1.15070737484603
H2CO,0.588843655355589,1.154441080053467
H2CO,0.6025595860743578,1.158272641267132
H2CO,0.6165950018614822,1.1622048774059197
H2CO,0.6309573444801934,1.166240700415064
H2CO,0.6456542290346556,1.1703831188653078
H2CO,0.6606934480075961,1.1746352417140111
H2CO,0.6760829753919819,1.1790002822364425
H2CO,0.6918309709189366,1.1834815621359542
H2CO,0.707945784384138,1.1880825158422652
H2CO,0.7244359600749902,1.1928066950075606
H2CO,0.7413102413009177,1.1976577732106892
H2CO,0.758577575029184,1.202639550880344
H2CO,0.776247116628692,1.2077559604486843
H2CO,0.7943282347242817,1.2130110717475895
H2CO,0.8128305161640995,1.2184090976603872
H2CO,0.8317637711026709,1.2239544000426559
H2CO,0.8511380382023763,1.22965149592655
H2CO,0.8709635899560806,1.2355050640238274
H2CO,0.8912509381337455,1.2415199515438167
H2CO,0.9120108393559097,1.2477011813433674
H2CO,0.933254300796991,1.2540539594269455
H2CO,0.9549925860214359,1.2605836828160906
H2CO,0.9772372209558107,1.2672959478085806
H2CO,1.0,1.2741965586489257
H2CO,1.0232929922807548,1.2812915366330864
H2CO,1.0471285480508996,1.2885871296717155
H2CO,1.071519305237607,1.296089822337725
H2CO,1.096478196143185,1.30380634642553
H2CO,1.122018454301963,1.3117436920510368
H2CO,1.1481536214968828,1.3199091193232462
H2CO,1.174897554939529,1.3283101706202147
H2CO,1.2022644346174132,1.336954683504253
H2CO,1.2302687708123812,1.3458508043133073
H2CO,1.2589254117941675,1.3550070024679186
H2CO,1.2882495516931336,1.364432085535554
H2CO,1.3182567385564075,1.3741352150968251
H2CO,1.3489628825916533,1.3841259234608743
H2CO,1.3803842646028852,1.394414131280329
H2CO,1.412537544622754,1.405010166119375
H2CO,1.4454397707459279,1.4159247820320282
H2CO,1.4791083881682072,1.4271691802113111
H2CO,1.5135612484362087,1.4387550307740768
H2CO,1.5488166189124812,1.450694495750352
H2CO,1.584893192461114,1.463000253350689
H2CO,1.6218100973589298,1.475685523589727
H2CO,1.6595869074375613,1.488764095349484
H2CO,1.6982436524617444,1.5022503549712525
H2CO,1.7378008287493762,1.516159316471064
H2CO,1.7782794100389228,1.530506653479863
H2CO,1.8197008586099843,1.545308733016435
H2CO,1.8620871366628675,1.5605826512082954
H2CO,1.9054607179632483,1.5763462710835476
H2CO,1.9498445997580456,1.5926182625650571
H2CO,1.9952623149688808,1.609418144807136
H2CO,2.0417379446695296,1.6267663310245266
H2CO,2.0892961308540388,1.6446841759736268
H2CO,2.1379620895022327,1.6631940262568905
H2CO,2.1877616239495516,1.6823192736329897
H2CO,2.23872113856834,1.7020844115279807
H2CO,2.2908676527677723,1.722515094955965
H2CO,2.344228815319923,1.7436382040723695
H2CO,2.39883291901949,1.7654819115981886
H2CO,2.454708915685031,1.7880757543701493
H2CO,2.5118864315095797,1.8114507092894194
H2CO,2.570395782768865,1.8356392739604104
H2CO,2.6302679918953813,1.8606755523315168
H2CO,2.691534803926917,1.8865953456713225
H2CO,2.7542287033381663,1.91343624923706
H2CO,2.818382931264455,1.9412377550169626
H2CO,2.8840315031266055,1.970041360954725
H2CO,2.951209226666387,1.999890687092808
H2CO,3.019951720402016,2.0308315991016417
H2CO,3.090295432513592,2.0629123396943805
H2CO,3.1622776601683795,2.0961836684615145
H2CO,3.2359365692962845,2.1306990106968056
H2CO,3.311311214825911,2.166514615825475
H2CO,3.3884415613920273,2.2036897260879176
H2CO,3.4673685045253166,2.242286756177024
H2CO,3.548133892335757,2.2823714845752434
H2CO,3.630780547701014,2.324013257388369
H2CO,3.715352290971724,2.367285205527264
H2CO,3.801893963205613,2.4122644761461913
H2CO,3.890451449942805,2.4590324793074596
H2CO,3.981071705534973,2.5076751509066733
H2CO,4.073802778041126,2.5582832329611183
H2CO,4.168693834703355,2.6109525724359997
H2CO,4.265795188015925,2.665784439859106
H2CO,4.365158322401661,2.7228858690544073
H2CO,4.46683592150963,2.7823700194087633
H2CO,4.570881896148752,2.8443565621735107
H2CO,4.677351412871981,2.908972092394022
H2CO,4.786300923226385,2.9763505681550657
H2CO,4.897788193684462,3.0466337789278963
H2CO,5.011872336272725,3.119971844906014
H2CO,5.1286138399136485,3.1965237493196206
H2CO,5.248074602497728,3.276457905824073
H2CO,5.370317963702527,3.3599527631631965
H2CO,5.4954087385762485,3.4471974494141966
H2CO,5.623413251903491,3.5383924582248936
H2CO,5.754399373371572,3.633750379555288
H2CO,5.88843655355589,3.733496677531271
H2CO,6.025595860743581,3.8378705181073767
H2CO,6.165950018614822,3.9471256493137186
H2CO,6.309573444801936,4.061531336927968
H2CO,6.456542290346556,4.181373358460591
H2CO,6.6069344800759575,4.306955058368053
H2CO,6.760829753919819,4.438598467406922
H2CO,6.918309709189362,4.576645489006828
H2CO,7.07945784384138,4.721459155464269
H2CO,7.244359600749899,4.873424956633044
H2CO,7.413102413009177,5.03295224360219
H2CO,7.585775750291836,5.200475709595601
H2CO,7.76247116628692,5.376456949987558
H2CO,7.943282347242813,5.561386102888412
H2CO,8.128305161640995,5.755783571199792
H2CO,8.317637711026709,5.960201826346726
H2CO,8.511380382023768,6.175227293046094
H2CO,8.709635899560805,6.401482313439116
H2CO,8.91250938133746,6.639627187675017
H2CO,9.120108393559097,6.890362286550354
H2CO,9.332543007969914,7.154430230051377
H2CO,9.549925860214358,7.432618123575203
H2CO,9.772372209558112,7.725759841180264
H2CO,10.0,8.034738342389447
H2CO,10.232929922807546,8.360488005794709
H2CO,10.471285480508996,8.703996958934518
H2CO,10.71519305237607,9.06630937958332
H2CO,10.964781961431852,9.448527738644707
H2CO,11.220184543019641,9.851814949222659
H2CO,11.481536214968829,10.277396380095322
H2CO,11.748975549395302,10.726561684681595
H2CO,12.02264434617413,11.200666388616332
H2CO,12.30268770812381,11.701133170194627
H2CO,12.589254117941675,12.229452758173215
H2CO,12.882495516931336,12.787184360713244
H2CO,13.182567385564074,13.375955527618167
H2CO,13.489628825916533,13.997461335496453
H2CO,13.803842646028853,14.653462772137976
H2CO,14.12537544622754,15.345784182348932
H2CO,14.45439770745928,16.07630962293091
H2CO,14.791083881682072,16.846977959658755
H2CO,15.135612484362087,17.65977652435761
H2CO,15.488166189124811,18.516733135937645
H2CO,15.848931924611142,19.419906276088778
H2CO,16.218100973589298,20.371373198964083
H2CO,16.595869074375614,21.37321574546276
H2CO,16.982436524617444,22.42750362769117
H2CO,17.378008287493763,23.536274949076702
H2CO,17.78279410038923,24.70151373185663
H2CO,18.197008586099845,25.925124237916314
H2CO,18.620871366628677,27.208901893042707
H2CO,19.054607179632484,28.55450066063183
H2CO,19.498445997580454,29.963396760912303
H2CO,19.952623149688808,31.436848698110754
H2CO,20.417379446695296,32.97585364296008
H2CO,20.892961308540407,34.58110032373257
H2CO,21.379620895022324,36.25291870746739
H2CO,21.87761623949552,37.991226905726926
H2CO,22.3872113856834,39.79547591679184
H2CO,22.908676527677724,41.66459301844913
H2CO,23.442288153199225,43.59692485084064
H2CO,23.9883291901949,45.59018147390644
H2CO,24.547089156850312,47.64138294335316
H2CO,25.118864315095795,49.746810214829395
H2CO,25.703957827688647,51.901962447263394
H2CO,26.302679918953814,54.101523019050845
H2CO,26.915348039269166,56.33933677760843
H2CO,27.542287033381662,58.60840119302282
H2CO,28.18382931264455,60.90087415650047
H2CO,28.84031503126606,63.20810112813119
H2CO,29.51209226666387,65.52066416914164
H2CO,30.19951720402016,67.82845506491144
H2CO,30.90295432513592,70.12077423304204
H2CO,31.622776601683793,72.38645639784427
H2CO,32.35936569296285,74.61402308996247
H2CO,33.11311214825911,76.79186090133938
H2CO,33.884415613920275,78.90842311168187
H2CO,34.673685045253166,80.95245084310618
H2CO,35.48133892335757,82.91320835722324
H2CO,36.30780547701014,84.7807255694286
H2CO,37.15352290971728,86.5460394268229
H2CO,38.018939632056124,88.20142460561951
H2CO,38.904514499428046,89.74060316896713
H2CO,39.810717055349734,91.15892252508897
H2CO,40.73802778041126,92.45349136310807
H2CO,41.68693834703355,93.62326431401159
H2CO,42.65795188015925,94.66906793272243
H2CO,43.65158322401661,95.59356320484599
H2CO,44.6683592150963,96.40114305070786
H2CO,45.708818961487516,97.09776704764982
H2CO,46.77351412871981,97.69073955594163
H2CO,47.86300923226385,98.18844128513703
H2CO,48.97788193684461,98.60002770956548
H2CO,50.11872336272725,98.93511026894781
H2CO,51.28613839913648,99.20343765665368
H2CO,52.480746024977286,99.41459448512
H2CO,53.70317963702527,99.5777331463112
H2CO,54.954087385762485,99.70135184268386
H2CO,56.23413251903491,99.79312781054043
H2CO,57.54399373371572,99.85981010214151
H2CO,58.8843655355589,99.90717144529447
H2CO,60.25595860743581,99.94001419965961
H2CO,61.65950018614822,99.9622217684697
H2CO,63.095734448019364,99.97684436853109
H2CO,64.56542290346556,99.98620699549697
H2CO,66.06934480075964,99.99202772642823
H2CO,67.60829753919819,99.99553596801519
H2CO,69.18309709189363,99.99758253483571
H2CO,70.79457843841381,99.99873610600193
H2CO,72.44359600749898,99.99936324824215
H2CO,74.13102413009177,99.99969147499515
H2CO,75.85775750291836,99.99985652339768
H2CO,77.6247116628692,99.99993609891665
H2CO,79.43282347242814,99.99997280483312
H2CO,81.28305161640995,99.99998896675226
H2CO,83.17637711026708,99.99999574338456
H2CO,85.11380382023768,99.99999844244566
H2CO,87.09635899560806,99.99999946092073
H2CO,89.12509381337459,99.99999982402645
H2CO,91.20108393559097,99.99999994598411
H2CO,93.32543007969915,99.99999998445807
H2CO,95.49925860214358,99.99999999582208
H2CO,97.72372209558111,99.99999999895437
H2CO,100.0,99.99999999975724
H2CO,102.32929922807536,99.99999999994792
H2CO,104.71285480509006,99.99999999998973
H2CO,107.1519305237607,99.99999999999814
H2CO,109.64781961431851,99.99999999999969
H2CO,112.2018454301963,99.99999999999996
H2CO,114.81536214968841,99.99999999999999
H2CO,117.48975549395303,100.0
H2CO,120.22644346174131,100.0
H2CO,123.02687708123811,100.0
H2CO,125.89254117941663,100.0
H2CO,128.82495516931348,100.0
H2CO,131.82567385564073,100.0
H2CO,134.89628825916532,100.0
H2CO,138.03842646028838,100.0
H2CO,141.25375446227554,100.0
H2CO,144.5439770745928,100.0
H2CO,147.91083881682073,100.0
H2CO,151.3561248436207,100.0
H2CO,154.88166189124829,100.0
H2CO,158.48931924611142,100.0
H2CO,162.18100973589299,100.0
H2CO,165.95869074375597,100.0
H2CO,169.8243652461746,100.0
H2CO,173.78008287493762,100.0
H2CO,177.82794100389228,100.0
H2CO,181.97008586099827,100.0
H2CO,186.20871366628694,100.0
H2CO,190.54607179632484,100.0
H2CO,194.98445997580455,100.0
H2CO,199.52623149688787,100.0
H2CO,204.17379446695315,100.0
H2CO,208.92961308540407,100.0
H2CO,213.79620895022325,100.0
H2CO,218.77616239495518,100.0
H2CO,223.87211385683423,100.0
H2CO,229.08676527677747,100.0
H2CO,234.42288153199226,100.0
H2CO,239.88329190194898,100.0
H2CO,245.47089156850285,100.0
H2CO,251.18864315095823,100.0
H2CO,257.03957827688646,100.0
H2CO,263.02679918953817,100.0
H2CO,269.1534803926914,100.0
H2CO,275.4228703338169,100.0
H2CO,281.8382931264455,100.0
H2CO,288.40315031266056,100.0
H2CO,295.1209226666384,100.0
H2CO,301.9951720402019,100.0
H2CO,309.0295432513592,100.0
H2CO,316.22776601683796,100.0
H2CO,323.5936569296281,100.0
H2CO,331.1311214825914,100.0
H2CO,338.84415613920277,100.0
H2CO,346.73685045253166,100.0
H2CO,354.8133892335753,100.0
H2CO,363.07805477010174,100.0
H2CO,371.53522909717276,100.0
H2CO,380.1893963205613,100.0
H2CO,389.04514499428046,100.0
H2CO,398.1071705534977,100.0
H2CO,407.380277804113,100.0
H2CO,416.8693834703355,100.0
H2CO,426.57951880159254,100.0
H2CO,436.51583224016565,100.0
H2CO,446.6835921509635,100.0
H2CO,457.0881896148752,100.0
H2CO,467.73514128719813,100.0
H2CO,478.630092322638,100.0
H2CO,489.77881936844665,100.0
H2CO,501.18723362727246,100.0
H2CO,512.8613839913648,100.0
H2CO,524.8074602497722,100.0
H2CO,537.0317963702532,100.0
H2CO,549.5408738576248,100.0
H2CO,562.341325190349,100.0
H2CO,575.4399373371566,100.0
H2CO,588.8436553555896,100.0
H2CO,602.5595860743581,100.0
H2CO,616.5950018614822,100.0
H2CO,630.957344480193,100.0
H2CO,645.6542290346563,100.0
H2CO,660.6934480075964,100.0
H2CO,676.0829753919819,100.0
H2CO,691.8309709189363,100.0
H2CO,707.9457843841387,100.0
H2CO,724.4359600749906,100.0
H2CO,741.3102413009177,100.0
H2CO,758.5775750291835,100.0
H2CO,776.2471166286912,100.0
H2CO,794.3282347242822,100.0
H2CO,812.8305161640995,100.0
H2CO,831.7637711026708,100.0
H2CO,851.1380382023759,100.0
H2CO,870.9635899560815,100.0
H2CO,891.2509381337459,100.0
H2CO,912.0108393559096,100.0
H2CO,933.2543007969905,100.0
H2CO,954.9925860214369,100.0
H2CO,977.2372209558112,100.0
H2CO,1000.0,100.0
CH3OH,0.01,1.001009060838155
CH3OH,0.010232929922807542,1.0010325754721376
CH3OH,0.010471285480508996,1.0010566383314172
CH3OH,0.010715193052376065,1.001081262209327
CH3OH,0.01096478196143185,1.0011064601983137
CH3OH,0.011220184543019636,1.0011322456969467
CH3OH,0.01148153621496883,1.0011586324170982
CH3OH,0.011748975549395297,1.0011856343913126
CH3OH,0.012022644346174132,1.0012132659803286
CH3OH,0.012302687708123818,1.0012415418807796
CH3OH,0.012589254117941675,1.001270477133096
CH3OH,0.012882495516931342,1.0013000871295785
CH3OH,0.013182567385564075,1.001330387622662
CH3OH,0.013489628825916533,1.0013613947333821
CH3OH,0.013803842646028852,1.0013931249600427
CH3OH,0.01412537544622754,1.001425595187086
CH3OH,0.014454397707459272,1.0014588226941714
CH3OH,0.014791083881682071,1.0014928251654727
CH3OH,0.01513561248436208,1.0015276206991968
CH3OH,0.01548816618912481,1.0015632278173294
CH3OH,0.015848931924611134,1.00159966547561
CH3OH,0.0162181009735893,1.001636953073738
CH3OH,0.016595869074375606,1.0016751104658386
CH3OH,0.016982436524617443,1.0017141579711624
CH3OH,0.017378008287493755,1.0017541163850447
CH3OH,0.01778279410038923,1.0017950069901311
CH3OH,0.018197008586099836,1.0018368515678606
CH3OH,0.018620871366628676,1.0018796724102315
CH3OH,0.019054607179632473,1.0019234923318456
CH3OH,0.019498445997580455,1.0019683346822374
CH3OH,0.0199526231496888,1.0020142233585012
CH3OH,0.020417379446695295,1.0020611828182213
CH3OH,0.020892961308540396,1.002109238092705
CH3OH,0.021379620895022326,1.002158414800542
CH3OH,0.02187761623949553,1.0022087391614751
CH3OH,0.0223872113856834,1.0022602380106258
CH3OH,0.022908676527677724,1.0023129388130287
CH3OH,0.023442288153199226,1.0023668696785484
CH3OH,0.023988329190194897,1.002422059377134
CH3OH,0.02454708915685031,1.0024785373544465
CH3OH,0.025118864315095794,1.0025363337478572
CH3OH,0.025703957827688646,1.002595479402843
CH3OH,0.026302679918953815,1.0026560058897598
CH3OH,0.026915348039269153,1.0027179455210375
CH3OH,0.02754228703338166,1.0027813313687761
CH3OH,0.028183829312644536,1.0028461972827774
CH3OH,0.028840315031266057,1.0029125779090022
CH3OH,0.029512092266663854,1.0029805087084827
CH3OH,0.03019951720402016,1.0030500259766824
CH3OH,0.030902954325135904,1.0031211668633433
CH3OH,0.03162277660168379,1.0031939693927878
CH3OH,0.03235936569296283,1.0032684724847396
CH3OH,0.03311311214825911,1.003344715975631
CH3OH,0.033884415613920256,1.0034227406404401
CH3OH,0.034673685045253165,1.003502588215053
CH3OH,0.03548133892335755,1.0035843014191697
CH3OH,0.03630780547701014,1.0036679239797797
CH3OH,0.03715352290971726,1.003753500655192
CH3OH,0.038018939632056124,1.0038410772596678
CH3OH,0.03890451449942805,1.0039307006886509
CH3OH,0.039810717055349734,1.004022418944612
CH3OH,0.04073802778041126,1.0041162811635298
CH3OH,0.04168693834703355,1.0042123376420231
CH3OH,0.04265795188015926,1.0043106398651456
CH3OH,0.04365158322401661,1.0044112405348693
CH3OH,0.0446683592150963,1.0045141935992592
CH3OH,0.04570881896148752,1.0046195542823846
CH3OH,0.046773514128719815,1.0047273791149451
CH3OH,0.04786300923226385,1.0048377259656815
CH3OH,0.04897788193684462,1.004950654073535
CH3OH,0.05011872336272725,1.0050662240806252
CH3OH,0.05128613839913648,1.005184498066032
CH3OH,0.05248074602497726,1.0053055395804291
CH3OH,0.05370317963702527,1.0054294136815671
CH3OH,0.054954087385762455,1.0055561869706502
CH3OH,0.05623413251903491,1.0056859276296135
CH3OH,0.057543993733715694,1.0058187054593342
CH3OH,0.0588843655355589,1.0059545919187995
CH3OH,0.06025595860743578,1.006093660165258
CH3OH,0.06165950018614822,1.0062359850953682
CH3OH,0.06309573444801933,1.0063816433874013
CH3OH,0.06456542290346556,1.0065307135444859
CH3OH,0.06606934480075961,1.0066832759389526
CH3OH,0.06760829753919818,1.0068394128578018
CH3OH,0.06918309709189363,1.006999208549318
CH3OH,0.0707945784384138,1.0071627492708621
CH3OH,0.07244359600749899,1.0073301233378862
CH3OH,0.07413102413009177,1.0075014211741882
CH3OH,0.07585775750291836,1.0076767353634482
CH3OH,0.07762471166286919,1.0078561607020866
CH3OH,0.07943282347242814,1.0080397942534627
CH3OH,0.08128305161640995,1.0082277354034737
CH3OH,0.08317637711026708,1.0084200859175794
CH3OH,0.08511380382023767,1.0086169499992885
CH3OH,0.08709635899560805,1.008818434350158
CH3OH,0.08912509381337459,1.0090246482313407
CH3OH,0.09120108393559097,1.009235703526733
CH3OH,0.0933254300796991,1.0094517148077444
CH3OH,0.09549925860214359,1.0096727993997763
CH3OH,0.09772372209558107,1.0098990774504089
CH3OH,0.1,1.010130671999389
CH3OH,0.10232929922807542,1.0103677090504348
CH3OH,0.10471285480508996,1.0106103176449361
CH3OH,0.10715193052376065,1.0108586299375903
CH3OH,0.1096478196143185,1.0111127812740284
CH3OH,0.11220184543019636,1.0113729102704991
CH3OH,0.1148153621496883,1.0116391588956675
CH3OH,0.11748975549395298,1.0119116725545667
CH3OH,0.12022644346174131,1.0121906001748242
CH3OH,0.12302687708123818,1.0124760942951447
CH3OH,0.12589254117941676,1.0127683111562025
CH3OH,0.12882495516931342,1.013067410793952
CH3OH,0.13182567385564073,1.0133735571354536
CH3OH,0.1348962882591654,1.013686918097294
CH3OH,0.13803842646028852,1.014007665686668
CH3OH,0.14125375446227548,1.0143359761052042
CH3OH,0.1445439770745927,1.0146720298556122
CH3OH,0.1479108388168207,1.01501601185126
CH3OH,0.1513561248436208,1.015368111528738
CH3OH,0.1548816618912481,1.0157285229635198
CH3OH,0.15848931924611134,1.016097444988816
CH3OH,0.16218100973589297,1.0164750813177117
CH3OH,0.16595869074375605,1.0168616406686906
CH3OH,0.16982436524617442,1.0172573368946587
CH3OH,0.17378008287493754,1.0176623891155625
CH3OH,0.1778279410038923,1.0180770218547268
CH3OH,0.18197008586099836,1.0185014651790252
CH3OH,0.18620871366628675,1.0189359548430057
CH3OH,0.19054607179632474,1.0193807324370914
CH3OH,0.19498445997580455,1.0198360455399933
CH3OH,0.19952623149688797,1.0203021478754617
CH3OH,0.20417379446695297,1.0207792994735354
CH3OH,0.20892961308540398,1.021267766836403
CH3OH,0.21379620895022325,1.0217678231090548
CH3OH,0.2187761623949553,1.0222797482548682
CH3OH,0.223872113856834,1.022803829236287
CH3OH,0.22908676527677735,1.0233403602007718
CH3OH,0.23442288153199228,1.0238896426721817
CH3OH,0.2398832919019491,1.0244519857477918
CH3OH,0.2454708915685031,1.025027706301102
CH3OH,0.25118864315095807,1.0256171291906595
CH3OH,0.25703957827688634,1.0262205874750874
CH3OH,0.26302679918953814,1.0268384226345355
CH3OH,0.26915348039269155,1.0274709847987502
CH3OH,0.2754228703338166,1.0281186329820264
CH3OH,0.28183829312644537,1.0287817353252482
CH3OH,0.28840315031266056,1.0294606693452868
CH3OH,0.29512092266663853,1.0301558221919769
CH3OH,0.3019951720402016,1.0308675909129827
CH3OH,0.30902954325135906,1.0315963827267984
CH3OH,0.31622776601683794,1.0323426153041755
CH3OH,0.32359365692962827,1.033106717058276
CH3OH,0.3311311214825911,1.033889127443883
CH3OH,0.33884415613920255,1.0346902972659568
CH3OH,0.34673685045253166,1.0355106889979
CH3OH,0.35481338923357547,1.0363507771098848
CH3OH,0.3630780547701014,1.0372110484075787
CH3OH,0.37153522909717257,1.0380920023816915
CH3OH,0.38018939632056126,1.0389941515687067
CH3OH,0.38904514499428067,1.0399180219232256
CH3OH,0.3981071705534973,1.0408641532023528
CH3OH,0.40738027780411284,1.0418330993625826
CH3OH,0.41686938347033553,1.0428254289696315
CH3OH,0.4265795188015928,1.0438417256217276
CH3OH,0.4365158322401661,1.0448825883868562
CH3OH,0.44668359215096326,1.0459486322545068
CH3OH,0.4570881896148752,1.0470404886024451
CH3OH,0.4677351412871981,1.0481588056791362
CH3OH,0.47863009232263826,1.049304249102374
CH3OH,0.48977881936844614,1.0504775023747925
CH3OH,0.5011872336272722,1.0516792674168864
CH3OH,0.5128613839913648,1.0529102651182438
CH3OH,0.5248074602497725,1.0541712359077149
CH3OH,0.5370317963702527,1.0554629403432585
CH3OH,0.5495408738576245,1.0567861597222508
CH3OH,0.5623413251903491,1.0581416967130897
CH3OH,0.5754399373371569,1.0595303760089536
CH3OH,0.588843655355589,1.0609530450045916
CH3OH,0.6025595860743578,1.0624105744971084
CH3OH,0.6165950018614822,1.0639038594117212
CH3OH,0.6309573444801934,1.0654338195535027
CH3OH,0.6456542290346556,1.0670014003862112
CH3OH,0.6606934480075961,1.0686075738393102
CH3OH,0.6760829753919819,1.0702533391443712
CH3OH,0.6918309709189366,1.0719397237021004
CH3OH,0.707945784384138,1.0736677839812545
CH3OH,0.7244359600749902,1.075438606450847
CH3OH,0.7413102413009177,1.0772533085470193
CH3OH,0.758577575029184,1.0791130396761015
CH3OH,0.776247116628692,1.081018982255394
CH3OH,0.7943282347242817,1.0829723527933401
CH3OH,0.8128305161640995,1.0849744030107644
CH3OH,0.8317637711026709,1.087026421005022
CH3OH,0.8511380382023763,1.089129732458905
CH3OH,0.8709635899560806,1.0912857018963307
CH3OH,0.8912509381337455,1.0934957339868456
CH3OH,0.9120108393559097,1.0957612749011743
CH3OH,0.933254300796991,1.0980838137200755
CH3OH,0.9549925860214359,1.100464883898934
CH3OH,0.9772372209558107,1.1029060647905942
CH3OH,1.0,1.1054089832291316
CH3OH,1.0232929922807548,1.1079753151773206
CH3OH,1.0471285480508996,1.1106067874407635
CH3OH,1.071519305237607,1.1133051794517375
CH3OH,1.096478196143185,1.1160723251260596
CH3OH,1.122018454301963,1.1189101147963278
CH3OH,1.1481536214968828,1.1218204972251682
CH3OH,1.174897554939529,1.1248054817022834
CH3OH,1.2022644346174132,1.1278671402292315
CH3OH,1.2302687708123812,1.1310076097961983
CH3OH,1.2589254117941675,1.1342290947551197
CH3OH,1.2882495516931336,1.1375338692938328
CH3OH,1.3182567385564075,1.1409242800161585
CH3OH,1.3489628825916533,1.1444027486330701
CH3OH,1.3803842646028852,1.1479717747703828
CH3OH,1.412537544622754,1.1516339388987191
CH3OH,1.4454397707459279,1.1553919053917983
CH3OH,1.4791083881682072,1.1592484257194158
CH3OH,1.5135612484362087,1.1632063417818657
CH3OH,1.5488166189124812,1.1672685893928976
CH3OH,1.584893192461114,1.1714382019187242
CH3OH,1.6218100973589298,1.1757183140809748
CH3OH,1.6595869074375613,1.1801121659319675
CH3OH,1.6982436524617444,1.1846231070111586
CH3OH,1.7378008287493762,1.1892546006920415
CH3OH,1.7782794100389228,1.194010228729408
CH3OH,1.8197008586099843,1.1988936960173866
CH3OH,1.8620871366628675,1.2039088355692442
CH3OH,1.9054607179632483,1.209059613730656
CH3OH,1.9498445997580456,1.2143501356387314
CH3OH,1.9952623149688808,1.2197846509398622
CH3OH,2.0417379446695296,1.2253675597801885
CH3OH,2.0892961308540388,1.2311034190832988
CH3OH,2.1379620895022327,1.2369969491306332
CH3OH,2.1877616239495516,1.243053040460987
CH3OH,2.23872113856834,1.2492767611064612
CH3OH,2.2908676527677723,1.2556733641832647
CH3OH,2.344228815319923,1.2622482958568624
CH3OH,2.39883291901949,1.2690072037021407
CH3OH,2.454708915685031,1.2759559454805003
CH3OH,2.5118864315095797,1.2831005983571415
CH3OH,2.570395782768865,1.29044746858318
CH3OH,2.6302679918953813,1.2980031016687983
CH3OH,2.691534803926917,1.3057742930752005
CH3OH,2.7542287033381663,1.3137680994548575
CH3OH,2.818382931264455,1.3219918504714052
CH3OH,2.8840315031266055,1.3304531612324246
CH3OH,2.951209226666387,1.3391599453705232
CH3OH,3.019951720402016,1.3481204288102395
CH3OH,3.090295432513592,1.3573431642607523
CH3OH,3.1622776601683795,1.3668370464768766
CH3OH,3.2359365692962845,1.376611328333494
CH3OH,3.311311214825911,1.3866756377615193
CH3OH,3.3884415613920273,1.3970399955965196
CH3OH,3.4673685045253166,1.4077148343944264
CH3OH,3.548133892335757,1.4187110182723093
CH3OH,3.630780547701014,1.430039863835887
CH3OH,3.715352290971724,1.4417131622595407
CH3OH,3.801893963205613,1.4537432025888302
CH3OH,3.890451449942805,1.4661427963401275
CH3OH,3.981071705534973,1.4789253034769294
CH3OH,4.073802778041126,1.4921046598475805
CH3OH,4.168693834703355,1.5056954061748962
CH3OH,4.265795188015925,1.519712718694008
CH3OH,4.365158322401661,1.5341724415414209
CH3OH,4.46683592150963,1.549091121004909
CH3OH,4.570881896148752,1.564486041751516
CH3OH,4.677351412871981,1.5803752651586012
CH3OH,4.786300923226385,1.5967776698814657
CH3OH,4.897788193684462,1.613712994800132
CH3OH,5.011872336272725,1.6312018844974796
CH3OH,5.1286138399136485,1.6492659374314267
CH3OH,5.248074602497728,1.667927756974897
CH3OH,5.370317963702527,1.6872110055092668
CH3OH,5.4954087385762485,1.707140461769741
CH3OH,5.623413251903491,1.7277420816547737
CH3OH,5.754399373371572,1.7490430627263318
CH3OH,5.88843655355589,1.7710719126434027
CH3OH,6.025595860743581,1.793858521788053
CH3OH,6.165950018614822,1.8174342403612302
CH3OH,6.309573444801936,1.8418319602448785
CH3OH,6.456542290346556,1.8670862019474348
CH3OH,6.6069344800759575,1.8932332069719833
CH3OH,6.760829753919819,1.9203110359698758
CH3OH,6.918309709189362,1.9483596730679664
CH3OH,7.07945784384138,1.9774211367846808
CH3OH,7.244359600749899,2.0075395979789623
CH3OH,7.413102413009177,2.0387615053072716
CH3OH,7.585775750291836,2.0711357186965853
CH3OH,7.76247116628692,2.1047136513769527
CH3OH,7.943282347242813,2.139549421054585
CH3OH,8.128305161640995,2.1757000108468807
CH3OH,8.317637711026709,2.2132254406435217
CH3OH,8.511380382023768,2.2521889496035694
CH3OH,8.709635899560805,2.292657190547075
CH3OH,8.91250938133746,2.3347004370515285
CH3OH,9.120108393559097,2.378392804118362
CH3OH,9.332543007969914,2.423812483333243
CH3OH,9.549925860214358,2.4710419935056054
CH3OH,9.772372209558112,2.520168447838521
CH3OH,10.0,2.571283838749134
CH3OH,10.232929922807546,2.624485341533068
CH3OH,10.471285480508996,2.6798756381429696
CH3OH,10.71519305237607,2.7375632624323734
CH3OH,10.964781961431852,2.7976629683005974
CH3OH,11.220184543019641,2.8602961222630428
CH3OH,11.481536214968829,2.9255911220633233
CH3OH,11.748975549395302,2.993683843039429
CH3OH,12.02264434617413,3.0647181140548487
CH3OH,12.30268770812381,3.138846224907273
CH3OH,12.589254117941675,3.216229467231133
CH3OH,12.882495516931336,3.2970387110156305
CH3OH,13.182567385564074,3.381455018965856
CH3OH,13.489628825916533,3.46967030103983
CH3OH,13.803842646028853,3.561888011598046
CH3OH,14.12537544622754,3.6583238917020005
CH3OH,14.45439770745928,3.7592067591927174
CH3OH,14.791083881682072,3.864779349266747
CH3OH,15.135612484362087,3.9752992083427814
CH3OH,15.488166189124811,4.0910396440731835
CH3OH,15.848931924611142,4.212290734397863
CH3OH,16.218100973589298,4.339360398557219
CH3OH,16.595869074375614,4.472575532972021
CH3OH,16.982436524617444,4.6122832148531705
CH3OH,17.378008287493763,4.758851976316778
CH3OH,17.78279410038923,4.912673151640031
CH3OH,18.197008586099845,5.074162300091507
CH3OH,18.620871366628677,5.243760706493384
CH3OH,19.054607179632484,5.4219369613095045
CH3OH,19.498445997580454,5.609188621586054
CH3OH,19.952623149688808,5.806043953484425
CH3OH,20.417379446695296,6.013063756416816
CH3OH,20.892961308540407,6.230843267903696
CH3OH,21.379620895022324,6.460014147190775
CH3OH,21.87761623949552,6.701246534365056
CH3OH,22.3872113856834,6.955251180161451
CH3OH,22.908676527677724,7.222781639819122
CH3OH,23.442288153199225,7.504636522190846
CH3OH,23.9883291901949,7.801661782786565
CH3OH,24.547089156850312,8.11475304649849
CH3OH,25.118864315095795,8.444857942358825
CH3OH,25.703957827688647,8.792978428770681
CH3OH,26.302679918953814,9.160173083171074
CH3OH,26.915348039269166,9.54755932497608
CH3OH,27.542287033381662,9.956315534861366
CH3OH,28.18382931264455,10.387683026891741
CH3OH,28.84031503126606,10.842967822671406
CH3OH,29.51209226666387,11.323542168496997
CH3OH,30.19951720402016,11.830845727411255
CH3OH,30.90295432513592,12.366386368051586
CH3OH,31.622776601683793,12.931740461249031
CH3OH,32.35936569296285,13.52855258347515
CH3OH,33.11311214825911,14.158534513496463
CH3OH,33.884415613920275,14.8234633950659
CH3OH,34.673685045253166,15.525178924288191
CH3OH,35.48133892335757,16.265579405641745
CH3OH,36.30780547701014,17.046616505792183
CH3OH,37.15352290971728,17.87028851966099
CH3OH,38.018939632056124,18.738631949184093
CH3OH,38.904514499428046,19.65371118241434
CH3OH,39.810717055349734,20.6176060498252
CH3OH,40.73802778041126,21.632397026773937
CH3OH,41.68693834703355,22.700147847163176
CH3OH,42.65795188015925,23.822885294681424
CH3OH,43.65158322401661,25.00257594609845
CH3OH,44.6683592150963,26.241099657623636
CH3OH,45.708818961487516,27.54021961221149
CH3OH,46.77351412871981,28.901548784977717
CH3OH,47.86300923226385,30.326512737796218
CH3OH,48.97788193684461,31.81630872495714
CH3OH,50.11872336272725,33.37186118176307
CH3OH,51.28613839913648,34.99377377923945
CH3OH,52.480746024977286,36.682278362574436
CH3OH,53.70317963702527,38.437181249767285
CH3OH,54.954087385762485,40.25780755079792
CH3OH,56.23413251903491,42.142944375860004
CH3OH,57.54399373371572,44.09078403185472
CH3OH,58.8843655355589,46.09886855559827
CH3OH,60.25595860743581,48.16403719404288
CH3OH,61.65950018614822,50.28237870757668
CH3OH,63.095734448019364,52.449190630546724
CH3OH,64.56542290346556,54.6589478586457
CH3OH,66.06934480075964,56.90528312751398
CH3OH,67.60829753919819,59.18098207933804
CH3OH,69.18309709189363,61.47799566009879
CH3OH,70.79457843841381,63.78747252311177
CH3OH,72.44359600749898,66.09981390758801
CH3OH,74.13102413009177,68.40475308820895
CH3OH,75.85775750291836,70.69146093074747
CH3OH,77.6247116628692,72.94867832369466
CH3OH,79.43282347242814,75.16487528066168
CH3OH,81.28305161640995,77.32843533070368
CH3OH,83.17637711026708,79.42786245860698
CH3OH,85.11380382023768,81.45200637014779
CH3OH,87.09635899560806,83.3903003066596
CH3OH,89.12509381337459,85.23300411064116
CH3OH,91.20108393559097,86.97144386289001
CH3OH,93.32543007969915,88.59823830204256
CH3OH,95.49925860214358,90.10750153852622
CH3OH,97.72372209558111,91.49501142309944
CH3OH,100.0,92.75833344394228
CH3OH,102.32929922807536,93.89689128939011
CH3OH,104.71285480509006,94.9119772568263
CH3OH,107.1519305237607,95.8066984740305
CH3OH,109.64781961431851,96.58585830885765
CH3OH,112.2018454301963,97.25577617325668
CH3OH,114.81536214968841,97.8240528966773
CH3OH,117.48975549395303,98.29929261031297
CH3OH,120.22644346174131,98.69079527706312
CH3OH,123.02687708123811,99.0082362652131
CH3OH,125.89254117941663,99.26135040038956
CH3OH,128.82495516931348,99.45963755304832
CH3OH,131.82567385564073,99.61210498853265
CH3OH,134.89628825916532,99.72705855505482
CH3OH,138.03842646028838,99.81195061209135
CH3OH,141.25375446227554,99.8732878476348
CH3OH,144.5439770745928,99.9165973221576
CH3OH,147.91083881682073,99.94644474550954
CH3OH,151.3561248436207,99.96649560628843
CH3OH,154.88166189124829,99.9796076561718
CH3OH,158.48931924611142,99.98794253911666
CH3OH,162.18100973589299,99.99308497767151
CH3OH,165.95869074375597,99.9961596350012
CH3OH,169.8243652461746,99.99793818500996
CH3OH,173.78008287493762,99.99893181751361
CH3OH,177.82794100389228,99.99946698242793
CH3OH,181.97008586099827,99.9997443303073
CH3OH,186.20871366628694,99.99988235929773
CH3OH,190.54607179632484,99.99994818789864
CH3OH,194.98445997580455,99.99997820744606
CH3OH,199.52623149688787,99.99999126731669
CH3OH,204.17379446695315,99.99999667449053
CH3OH,208.92961308540407,99.99999879968772
CH3OH,213.79620895022325,99.99999959049947
CH3OH,218.77616239495518,99.9999998683325
CH3OH,223.87211385683423,99.99999996022184
CH3OH,229.08676527677747,99.99999998874446
CH3OH,234.42288153199226,99.99999999702703
CH3OH,239.88329190194898,99.99999999926955
CH3OH,245.47089156850285,99.99999999983368
CH3OH,251.18864315095823,99.99999999996504
CH3OH,257.03957827688646,99.99999999999324
CH3OH,263.02679918953817,99.9999999999988
CH3OH,269.1534803926914,99.99999999999982
CH3OH,275.4228703338169,99.99999999999997
CH3OH,281.8382931264455,100.0
CH3OH,288.40315031266056,100.0
CH3OH,295.1209226666384,100.0
CH3OH,301.9951720402019,100.0
CH3OH,309.0295432513592,100.0
CH3OH,316.22776601683796,100.0
CH3OH,323.5936569296281,100.0
CH3OH,331.1311214825914,100.0
CH3OH,338.84415613920277,100.0
CH3OH,346.73685045253166,100.0
CH3OH,354.8133892335753,100.0
CH3OH,363.07805477010174,100.0
CH3OH,371.53522909717276,100.0
CH3OH,380.1893963205613,100.0
CH3OH,389.04514499428046,100.0
CH3OH,398.1071705534977,100.0
CH3OH,407.380277804113,100.0
CH3OH,416.8693834703355,100.0
CH3OH,426.57951880159254,100.0
CH3OH,436.51583224016565,100.0
CH3OH,446.6835921509635,100.0
CH3OH,457.0881896148752,100.0
CH3OH,467.73514128719813,100.0
CH3OH,478.630092322638,100.0
CH3OH,489.77881936844665,100.0
CH3OH,501.18723362727246,100.0
CH3OH,512.8613839913648,100.0
CH3OH,524.8074602497722,100.0
CH3OH,537.0317963702532,100.0
CH3OH,549.5408738576248,100.0
CH3OH,562.341325190349,100.0
CH3OH,575.4399373371566,100.0
CH3OH,588.8436553555896,100.0
CH3OH,602.5595860743581,100.0
CH3OH,616.5950018614822,100.0
CH3OH,630.957344480193,100.0
CH3OH,645.6542290346563,100.0
CH3OH,660.6934480075964,100.0
CH3OH,676.0829753919819,100.0
CH3OH,691.8309709189363,100.0
CH3OH,707.9457843841387,100.0
CH3OH,724.4359600749906,100.0
CH3OH,741.3102413009177,100.0
CH3OH,758.5775750291835,100.0
CH3OH,776.2471166286912,100.0
CH3OH,794.3282347242822,100.0
CH3OH,812.8305161640995,100.0
CH3OH,831.7637711026708,100.0
CH3OH,851.1380382023759,100.0
CH3OH,870.9635899560815,100.0
CH3OH,891.2509381337459,100.0
CH3OH,912.0108393559096,100.0
CH3OH,933.2543007969905,100.0
CH3OH,954.9925860214369,100.0
CH3OH,977.2372209558112,100.0
CH3OH,1000.0,100.0
CH3CN,0.01,1.0106039514220817
CH3CN,0.010232929922807542,1.0108521140301685
CH3CN,0.010471285480508996,1.0111061121293792
CH3CN,0.010715193052376065,1.0113660842500796
CH3CN,0.01096478196143185,1.0116321722728983
CH3CN,0.011220184543019636,1.0119045215126348
CH3CN,0.01148153621496883,1.0121832808044038
CH3CN,0.011748975549395297,1.0124686025920835
CH3CN,0.012022644346174132,1.0127606430191272
CH3CN,0.012302687708123818,1.013059562021817
CH3CN,0.012589254117941675,1.013365523425022
CH3CN,0.012882495516931342,1.013678695040553
CH3CN,0.013182567385564075,1.013999248768167
CH3CN,0.013489628825916533,1.0143273606993293
CH3CN,0.013803842646028852,1.0146632112237848
CH3CN,0.01412537544622754,1.0150069851390495
CH3CN,0.014454397707459272,1.015358871762906
CH3CN,0.014791083881682071,1.01571906504898
CH3CN,0.01513561248436208,1.0160877637055115
CH3CN,0.01548816618912481,1.0164651713173987
CH3CN,0.015848931924611134,1.016851496471641
CH3CN,0.0162181009735893,1.0172469528862664
CH3CN,0.016595869074375606,1.0176517595428545
CH3CN,0.016982436524617443,1.0180661408227818
CH3CN,0.017378008287493755,1.018490326647285
CH3CN,0.01778279410038923,1.0189245526214818
CH3CN,0.018197008586099836,1.0193690601824739
CH3CN,0.018620871366628676,1.019824096751635
CH3CN,0.019054607179632473,1.0202899158912602
CH3CN,0.019498445997580455,1.0207667774656906
CH3CN,0.0199526231496888,1.0212549478070492
CH3CN,0.020417379446695295,1.0217546998857805
CH3CN,0.020892961308540396,1.0222663134860859
CH3CN,0.021379620895022326,1.0227900753864876
CH3CN,0.02187761623949553,1.0233262795456277
CH3CN,0.0223872113856834,1.023875227293514
CH3CN,0.022908676527677724,1.0244372275283822
CH3CN,0.023442288153199226,1.0250125969193593
CH3CN,0.023988329190194897,1.025601660115121
CH3CN,0.02454708915685031,1.0262047499587648
CH3CN,0.025118864315095794,1.026822207709077
CH3CN,0.025703957827688646,1.0274543832684448
CH3CN,0.026302679918953815,1.0281016354176185
CH3CN,0.026915348039269153,1.0287643320575648
CH3CN,0.02754228703338166,1.0294428504586683
CH3CN,0.028183829312644536,1.0301375775175168
CH3CN,0.028840315031266057,1.030848910021552
CH3CN,0.029512092266663854,1.0315772549218534
CH3CN,0.03019951720402016,1.0323230296143517
CH3CN,0.030902954325135904,1.0330866622297474
CH3CN,0.03162277660168379,1.0338685919324753
CH3CN,0.03235936569296283,1.034669269229024
CH3CN,0.03311311214825911,1.03548915628595
CH3CN,0.033884415613920256,1.0363287272579136
CH3CN,0.034673685045253165,1.0371884686261614
CH3CN,0.03548133892335755,1.0380688795477642
CH3CN,0.03630780547701014,1.0389704722160678
CH3CN,0.03715352290971726,1.0398937722327204
CH3CN,0.038018939632056124,1.040839318991751
CH3CN,0.03890451449942805,1.0418076660761098
CH3CN,0.039810717055349734,1.0427993816671748
CH3CN,0.04073802778041126,1.0438150489676743
CH3CN,0.04168693834703355,1.0448552666385744
CH3CN,0.04265795188015926,1.045920649250429
CH3CN,0.04365158322401661,1.0470118277497684
CH3CN,0.0446683592150963,1.048129449941098
CH3CN,0.04570881896148752,1.0492741809851107
CH3CN,0.046773514128719815,1.0504467039137388
CH3CN,0.04786300923226385,1.051647720162723
CH3CN,0.04897788193684462,1.0528779501223586
CH3CN,0.05011872336272725,1.0541381337071614
CH3CN,0.05128613839913648,1.0554290309451972
CH3CN,0.05248074602497726,1.05675142258785
CH3CN,0.05370317963702527,1.0581061107408631
CH3CN,0.054954087385762455,1.059493919517507
CH3CN,0.05623413251903491,1.0609156957147663
CH3CN,0.057543993733715694,1.0623723095134892
CH3CN,0.0588843655355589,1.0638646552034754
CH3CN,0.06025595860743578,1.0653936519345446
CH3CN,0.06165950018614822,1.0669602444946418
CH3CN,0.06309573444801933,1.0685654041161092
CH3CN,0.06456542290346556,1.0702101293113186
CH3CN,0.06606934480075961,1.0718954467388786
CH3CN,0.06760829753919818,1.073622412101715
CH3CN,0.06918309709189363,1.0753921110783882
CH3CN,0.0707945784384138,1.077205660289051
CH3CN,0.07244359600749899,1.0790642082975468
CH3CN,0.07413102413009177,1.0809689366512043
CH3CN,0.07585775750291836,1.08292106095994
CH3CN,0.07762471166286919,1.0849218320164438
CH3CN,0.07943282347242814,1.0869725369591636
CH3CN,0.08128305161640995,1.0890745004800386
CH3CN,0.08317637711026708,1.0912290860789444
CH3CN,0.08511380382023767,1.0934376973669053
CH3CN,0.08709635899560805,1.0957017794202888
CH3CN,0.08912509381337459,1.0980228201882465
CH3CN,0.09120108393559097,1.100402351955832
CH3CN,0.0933254300796991,1.1028419528652917
CH3CN,0.09549925860214359,1.1053432484982135
CH3CN,0.09772372209558107,1.1079079135213146
CH3CN,0.1,1.1105376733987906
CH3CN,0.10232929922807542,1.1132343061743306
CH3CN,0.10471285480508996,1.1159996443260258
CH3CN,0.10715193052376065,1.1188355766975966
CH3CN,0.1096478196143185,1.121744050509516
CH3CN,0.11220184543019636,1.1247270734538262
CH3CN,0.1148153621496883,1.1277867158766042
CH3CN,0.11748975549395298,1.1309251130522755
CH3CN,0.12022644346174131,1.134144467554188
CH3CN,0.12302687708123818,1.1374470517260826
CH3CN,0.12589254117941676,1.1408352102593609
CH3CN,0.12882495516931342,1.1443113628812982
CH3CN,0.13182567385564073,1.1478780071596455
CH3CN,0.1348962882591654,1.1515377214293518
CH3CN,0.13803842646028852,1.1552931678474285
CH3CN,0.14125375446227548,1.1591470955823686
CH3CN,0.1445439770745927,1.1631023441448003
CH3CN,0.1479108388168207,1.1671618468664988
CH3CN,0.1513561248436208,1.1713286345352525
CH3CN,0.1548816618912481,1.1756058391934454
CH3CN,0.15848931924611134,1.1799966981087695
CH3CN,0.16218100973589297,1.1845045579258373
CH3CN,0.16595869074375605,1.1891328790080289
CH3CN,0.16982436524617442,1.1938852399794257
CH3CN,0.17378008287493754,1.1987653424772313
CH3CN,0.1778279410038923,1.203777016125695
CH3CN,0.18197008586099836,1.2089242237431503
CH3CN,0.18620871366628675,1.2142110667945163
CH3CN,0.19054607179632474,1.2196417911022561
CH3CN,0.19498445997580455,1.2252207928295877
CH3CN,0.19952623149688797,1.230952624750537
CH3CN,0.20417379446695297,1.2368420028222908
CH3CN,0.20892961308540398,1.2428938130761993
CH3CN,0.21379620895022325,1.24911311884477
CH3CN,0.2187761623949553,1.2555051683430305
CH3CN,0.223872113856834,1.2620754026236953
CH3CN,0.22908676527677735,1.2688294639268192
CH3CN,0.23442288153199228,1.2757732044457804
CH3CN,0.2398832919019491,1.2829126955328392
CH3CN,0.2454708915685031,1.2902542373688728
CH3CN,0.25118864315095807,1.2978043691234395
CH3CN,0.25703957827688634,1.3055698796329098
CH3CN,0.26302679918953814,1.3135578186260946
CH3CN,0.26915348039269155,1.3217755085286884
CH3CN,0.2754228703338166,1.3302305568797301
CH3CN,0.28183829312644537,1.3389308693953714
CH3CN,0.28840315031266056,1.347884663717505
CH3CN,0.29512092266663853,1.3571004838871252
CH3CN,0.3019951720402016,1.3665872155848156
CH3CN,0.30902954325135906,1.3763541021834869
CH3CN,0.31622776601683794,1.3864107616613601
CH3CN,0.32359365692962827,1.3967672044262258
CH3CN,0.3311311214825911,1.407433852105359
CH3CN,0.33884415613920255,1.4184215573589194
CH3CN,0.34673685045253166,1.4297416247784622
CH3CN,0.35481338923357547,1.4414058329361812
CH3CN,0.3630780547701014,1.4534264576547802
CH3CN,0.37153522909717257,1.4658162965724741
CH3CN,0.38018939632056126,1.4785886950825287
CH3CN,0.38904514499428067,1.491757573731959
CH3CN,0.3981071705534973,1.5053374571696765
CH3CN,0.40738027780411284,1.5193435047403192
CH3CN,0.41686938347033553,1.5337915428264939
CH3CN,0.4265795188015928,1.548698099048969
CH3CN,0.4365158322401661,1.5640804384417875
CH3CN,0.44668359215096326,1.5799566017270945
CH3CN,0.4570881896148752,1.596345445822998
CH3CN,0.4677351412871981,1.6132666867267071
CH3CN,0.47863009232263826,1.630740944925004
CH3CN,0.48977881936844614,1.6487897934943652
CH3CN,0.5011872336272722,1.6674358090642332
CH3CN,0.5128613839913648,1.6867026258287863
CH3CN,0.5248074602497725,1.7066149928053196
CH3CN,0.5370317963702527,1.7271988345510014
CH3CN,0.5495408738576245,1.7484813155643537
CH3CN,0.5623413251903491,1.7704909086135274
CH3CN,0.5754399373371569,1.793257467250146
CH3CN,0.588843655355589,1.8168123027854917
CH3CN,0.6025595860743578,1.8411882660250198
CH3CN,0.6165950018614822,1.8664198340777822
CH3CN,0.6309573444801934,1.892543202579406
CH3CN,0.6456542290346556,1.919596383690811
CH3CN,0.6606934480075961,1.9476193102601413
CH3CN,0.6760829753919819,1.9766539465623856
CH3CN,0.6918309709189366,2.006744406060012
CH3CN,0.707945784384138,2.0379370766588525
CH3CN,0.7244359600749902,2.070280753966434
CH3CN,0.7413102413009177,2.1038267830952697
CH3CN,0.758577575029184,2.138629209591111
CH3CN,0.776247116628692,2.1747449401064975
CH3CN,0.7943282347242817,2.2122339134825513
CH3CN,0.8128305161640995,2.2511592829477953
CH3CN,0.8317637711026709,2.291587610191122
CH3CN,0.8511380382023763,2.3335890721179156
CH3CN,0.8709635899560806,2.377237681153068
CH3CN,0.8912509381337455,2.4226115200130174
CH3CN,0.9120108393559097,2.4697929919306714
CH3CN,0.933254300796991,2.5188690873825426
CH3CN,0.9549925860214359,2.56993166843646
CH3CN,0.9772372209558107,2.6230777719113254
CH3CN,1.0,2.67840993261709
CH3CN,1.0232929922807548,2.7360365280238725
CH3CN,1.0471285480508996,2.796072145793833
CH3CN,1.071519305237607,2.8586379756976825
CH3CN,1.096478196143185,2.9238622275299173
CH3CN,1.122018454301963,2.9918805767324392
CH3CN,1.1481536214968828,3.062836639534859
CH3CN,1.174897554939529,3.1368824795214385
CH3CN,1.2022644346174132,3.214179147638259
CH3CN,1.2302687708123812,3.2948972577594806
CH3CN,1.2589254117941675,3.3792176000375598
CH3CN,1.2882495516931336,3.467331794367517
CH3CN,1.3182567385564075,3.5594429863992563
CH3CN,1.3489628825916533,3.6557665886317743
CH3CN,1.3803842646028852,3.7565310692180325
CH3CN,1.412537544622754,3.8619787911957184
CH3CN,1.4454397707459279,3.97236690493536
CH3CN,1.4791083881682072,4.087968296658649
CH3CN,1.5135612484362087,4.209072595923567
CH3CN,1.5488166189124812,4.335987244992882
CH3CN,1.584893192461114,4.469038632994537
CH3CN,1.6218100973589298,4.608573297738544
CH3CN,1.6595869074375613,4.754959197968716
CH3CN,1.6982436524617444,4.908587058688974
CH3CN,1.7378008287493762,5.0698717920042755
CH3CN,1.7782794100389228,5.239253995641481
CH3CN,1.8197008586099843,5.417201530955045
CH3CN,1.8620871366628675,5.604211181757705
CH3CN,1.9054607179632483,5.800810394732735
CH3CN,1.9498445997580456,6.007559101459212
CH3CN,1.9952623149688808,6.2250516211947335
CH3CN,2.0417379446695296,6.453918642483969
CH3CN,2.0892961308540388,6.694829280369335
CH3CN,2.1379620895022327,6.948493204438814
CH3CN,2.1877616239495516,7.2156628311215165
CH3CN,2.23872113856834,7.4971355714948205
CH3CN,2.2908676527677723,7.793756123354395
CH3CN,2.344228815319923,8.106418793376585
CH3CN,2.39883291901949,8.43606983181816
CH3CN,2.454708915685031,8.783709758303015
CH3CN,2.5118864315095797,9.15039565277793
CH3CN,2.570395782768865,9.537243380629267
CH3CN,2.6302679918953813,9.945429715172626
CH3CN,2.691534803926917,10.376194314209265
CH3CN,2.7542287033381663,10.830841500021565
CH3CN,2.818382931264455,11.310741784013578
CH3CN,2.8840315031266055,11.817333068141366
CH3CN,2.951209226666387,12.352121445299213
CH3CN,3.019951720402016,12.916681509912248
CH3CN,3.090295432513592,13.512656078152563
CH3CN,3.1622776601683795,14.141755204478923
CH3CN,3.2359365692962845,14.805754367690206
CH3CN,3.311311214825911,15.506491685503953
CH3CN,3.3884415613920273,16.24586400202719
CH3CN,3.4673685045253166,17.025821677639
CH3CN,3.548133892335757,17.848361896123592
CH3CN,3.630780547701014,18.715520289839322
CH3CN,3.715352290971724,19.62936067088814
CH3CN,3.801893963205613,20.591962645390332
CH3CN,3.890451449942805,21.605406879982585
CH3CN,3.981071705534973,22.67175778561961
CH3CN,4.073802778041126,23.793043384946504
CH3CN,4.168693834703355,24.971232137408773
CH3CN,4.265795188015925,26.208206512557332
CH3CN,4.365158322401661,27.50573312858767
CH3CN,4.46683592150963,28.865429312082323
CH3CN,4.570881896148752,30.288725988425103
CH3CN,4.677351412871981,31.776826882696685
CH3CN,4.786300923226385,33.33066410033338
CH3CN,4.897788193684462,34.95085026755193
CH3CN,5.011872336272725,36.63762754536286
CH3CN,5.1286138399136485,38.3908139892145
CH3CN,5.248074602497728,40.20974790949686
CH3CN,5.370317963702527,42.09323109574997
CH3CN,5.4954087385762485,44.039471997532665
CH3CN,5.623413251903491,46.046030203748046
CH3CN,5.754399373371572,48.109763823837866
CH3CN,5.88843655355589,50.22678164005634
CH3CN,6.025595860743581,52.392402158485
CH3CN,6.165950018614822,54.60112192274863
CH3CN,6.309573444801936,56.84659565041999
CH3CN,6.456542290346556,59.12163088644113
CH3CN,6.6069344800759575,61.41819991633547
CH3CN,6.760829753919819,63.72747161824191
CH3CN,6.918309709189362,66.03986572985771
CH3CN,7.07945784384138,68.34513163824695
CH3CN,7.244359600749899,70.63245324462984
CH3CN,7.413102413009177,72.89058069661822
CH3CN,7.585775750291836,75.10798881059398
CH3CN,7.76247116628692,77.2730608343242
CH3CN,7.943282347242813,79.37429484892404
CH3CN,8.128305161640995,81.40052862490914
CH3CN,8.317637711026709,83.34117719699742
CH3CN,8.511380382023768,85.1864758976437
CH3CN,8.709635899560805,86.92772020278719
CH3CN,8.91250938133746,88.55749262489928
CH3CN,9.120108393559097,90.0698661771231
CH3CN,9.332543007969914,91.46057376466229
CH3CN,9.549925860214358,92.72713335484643
CH3CN,9.772372209558112,93.86892002033227
CH3CN,10.0,94.88717797322768
CH3CN,10.232929922807546,95.7849684755811
CH3CN,10.471285480508996,96.5670529072733
CH3CN,10.71519305237607,97.23971409482543
CH3CN,10.964781961431852,97.81052297417952
CH3CN,11.220184543019641,98.28806143680616
CH3CN,11.481536214968829,98.68161542146291
CH3CN,11.748975549395302,99.0008546052967
CH3CN,12.02264434617413,99.2555161192969
CH3CN,12.30268770812381,99.45510937369095
CH3CN,12.589254117941675,99.60865728544616
CH3CN,12.882495516931336,99.7244860795418
CH3CN,13.182567385564074,99.81007168425387
CH3CN,13.489628825916533,99.87194599531837
CH3CN,13.803842646028853,99.91566146782634
CH3CN,14.12537544622754,99.94580814428731
CH3CN,14.45439770745928,99.96607381125447
CH3CN,14.791083881682072,99.97933582432508
CH3CN,15.135612484362087,99.98777239231931
CH3CN,15.488166189124811,99.99298170162533
CH3CN,15.848931924611142,99.99609894429406
CH3CN,16.218100973589298,99.99790371424552
CH3CN,16.595869074375614,99.99891292853933
CH3CN,16.982436524617444,99.99945701510113
CH3CN,17.378008287493763,99.99973927548795
CH3CN,17.78279410038923,99.99987990068206
CH3CN,18.197008586099845,99.99994704346446
CH3CN,18.620871366628677,99.99997769879873
CH3CN,19.054607179632484,99.99999105197386
CH3CN,19.498445997580454,99.99999658786568
CH3CN,19.952623149688808,99.99999876666517
CH3CN,20.417379446695296,99.99999957860253
CH3CN,20.892961308540407,99.99999986429363
CH3CN,21.379620895022324,99.9999999589337
CH3CN,21.87761623949552,99.99999998835972
CH3CN,22.3872113856834,99.99999999691978
CH3CN,22.908676527677724,99.99999999924174
CH3CN,23.442288153199225,99.999999999827
CH3CN,23.9883291901949,99.99999999996355
CH3CN,24.547089156850312,99.99999999999294
CH3CN,25.118864315095795,99.99999999999875
CH3CN,25.703957827688647,99.9999999999998
CH3CN,26.302679918953814,99.99999999999997
CH3CN,26.915348039269166,100.0
CH3CN,27.542287033381662,100.0
CH3CN,28.18382931264455,100.0
CH3CN,28.84031503126606,100.0
CH3CN,29.51209226666387,100.0
CH3CN,30.19951720402016,100.0
CH3CN,30.90295432513592,100.0
CH3CN,31.622776601683793,100.0
CH3CN,32.35936569296285,100.0
CH3CN,33.11311214825911,100.0
CH3CN,33.884415613920275,100.0
CH3CN,34.673685045253166,100.0
CH3CN,35.48133892335757,100.0
CH3CN,36.30780547701014,100.0
CH3CN,37.15352290971728,100.0
CH3CN,38.018939632056124,100.0
CH3CN,38.904514499428046,100.0
CH3CN,39.810717055349734,100.0
CH3CN,40.73802778041126,100.0
CH3CN,41.68693834703355,100.0
CH3CN,42.65795188015925,100.0
CH3CN,43.65158322401661,100.0
CH3CN,44.6683592150963,100.0
CH3CN,45.708818961487516,100.0
CH3CN,46.77351412871981,100.0
CH3CN,47.86300923226385,100.0
CH3CN,48.97788193684461,100.0
CH3CN,50.11872336272725,100.0
CH3CN,51.28613839913648,100.0
CH3CN,52.480746024977286,100.0
CH3CN,53.70317963702527,100.0
CH3CN,54.954087385762485,100.0
CH3CN,56.23413251903491,100.0
CH3CN,57.54399373371572,100.0
CH3CN,58.8843655355589,100.0
CH3CN,60.25595860743581,100.0
CH3CN,61.65950018614822,100.0
CH3CN,63.095734448019364,100.0
CH3CN,64.56542290346556,100.0
CH3CN,66.06934480075964,100.0
CH3CN,67.60829753919819,100.0
CH3CN,69.18309709189363,100.0
CH3CN,70.79457843841381,100.0
CH3CN,72.44359600749898,100.0
CH3CN,74.13102413009177,100.0
CH3CN,75.85775750291836,100.0
CH3CN,77.6247116628692,100.0
CH3CN,79.43282347242814,100.0
CH3CN,81.28305161640995,100.0
CH3CN,83.17637711026708,100.0
CH3CN,85.11380382023768,100.0
CH3CN,87.09635899560806,100.0
CH3CN,89.12509381337459,100.0
CH3CN,91.20108393559097,100.0
CH3CN,93.32543007969915,100.0
CH3CN,95.49925860214358,100.0
CH3CN,97.72372209558111,100.0
CH3CN,100.0,100.0
CH3CN,102.32929922807536,100.0
CH3CN,104.71285480509006,100.0
CH3CN,107.1519305237607,100.0
CH3CN,109.64781961431851,100.0
CH3CN,112.2018454301963,100.0
CH3CN,114.81536214968841,100.0
CH3CN,117.48975549395303,100.0
CH3CN,120.22644346174131,100.0
CH3CN,123.02687708123811,100.0
CH3CN,125.89254117941663,100.0
CH3CN,128.82495516931348,100.0
CH3CN,131.82567385564073,100.0
CH3CN,134.89628825916532,100.0
CH3CN,138.03842646028838,100.0
CH3CN,141.25375446227554,100.0
CH3CN,144.5439770745928,100.0
CH3CN,147.91083881682073,100.0
CH3CN,151.3561248436207,100.0
CH3CN,154.88166189124829,100.0
CH3CN,158.48931924611142,100.0
CH3CN,162.18100973589299,100.0
CH3CN,165.95869074375597,100.0
CH3CN,169.8243652461746,100.0
CH3CN,173.78008287493762,100.0
CH3CN,177.82794100389228,100.0
CH3CN,181.97008586099827,100.0
CH3CN,186.20871366628694,100.0
CH3CN,190.54607179632484,100.0
CH3CN,194.98445997580455,100.0
CH3CN,199.52623149688787,100.0
CH3CN,204.17379446695315,100.0
CH3CN,208.92961308540407,100.0
CH3CN,213.79620895022325,100.0
CH3CN,218.77616239495518,100.0
CH3CN,223.87211385683423,100.0
CH3CN,229.08676527677747,100.0
CH3CN,234.42288153199226,100.0
CH3CN,239.88329190194898,100.0
CH3CN,245.47089156850285,100.0
CH3CN,251.18864315095823,100.0
CH3CN,257.03957827688646,100.0
CH3CN,263.02679918953817,100.0
CH3CN,269.1534803926914,100.0
CH3CN,275.4228703338169,100.0
CH3CN,281.8382931264455,100.0
CH3CN,288.40315031266056,100.0
CH3CN,295.1209226666384,100.0
CH3CN,301.9951720402019,100.0
CH3CN,309.0295432513592,100.0
CH3CN,316.22776601683796,100.0
CH3CN,323.5936569296281,100.0
CH3CN,331.1311214825914,100.0
CH3CN,338.84415613920277,100.0
CH3CN,346.73685045253166,100.0
CH3CN,354.8133892335753,100.0
CH3CN,363.07805477010174,100.0
CH3CN,371.53522909717276,100.0
CH3CN,380.1893963205613,100.0
CH3CN,389.04514499428046,100.0
CH3CN,398.1071705534977,100.0
CH3CN,407.380277804113,100.0
CH3CN,416.8693834703355,100.0
CH3CN,426.57951880159254,100.0
CH3CN,436.51583224016565,100.0
CH3CN,446.6835921509635,100.0
CH3CN,457.0881896148752,100.0
CH3CN,467.73514128719813,100.0
CH3CN,478.630092322638,100.0
CH3CN,489.77881936844665,100.0
CH3CN,501.18723362727246,100.0
CH3CN,512.8613839913648,100.0
CH3CN,524.8074602497722,100.0
CH3CN,537.0317963702532,100.0
CH3CN,549.5408738576248,100.0
CH3CN,562.341325190349,100.0
CH3CN,575.4399373371566,100.0
CH3CN,588.8436553555896,100.0
CH3CN,602.5595860743581,100.0
CH3CN,616.5950018614822,100.0
CH3CN,630.957344480193,100.0
CH3CN,645.6542290346563,100.0
CH3CN,660.6934480075964,100.0
CH3CN,676.0829753919819,100.0
CH3CN,691.8309709189363,100.0
CH3CN,707.9457843841387,100.0
CH3CN,724.4359600749906,100.0
CH3CN,741.3102413009177,100.0
CH3CN,758.5775750291835,100.0
CH3CN,776.2471166286912,100.0
CH3CN,794.3282347242822,100.0
CH3CN,812.8305161640995,100.0
CH3CN,831.7637711026708,100.0
CH3CN,851.1380382023759,100.0
CH3CN,870.9635899560815,100.0
CH3CN,891.2509381337459,100.0
CH3CN,912.0108393559096,100.0
CH3CN,933.2543007969905,100.0
CH3CN,954.9925860214369,100.0
CH3CN,977.2372209558112,100.0
CH3CN,1000.0,100.0
