frequency_ghz,mie_extinction,rayleigh_extinction,mie_absorption,mie_scattering
60.0,0.012531526977191457,0.012531523151274834,0.01253152690795467,6.92367890425021e-11
61.333333333333336,0.012810005535036155,0.012810001448349373,0.012810005459436783,7.559937264278008e-11
62.666666666666664,0.013088484104897448,0.013088479745852678,0.013088484022506728,8.239071995813306e-11
64.0,0.013366962687046078,0.013366958043803584,0.013366962597416404,8.962967403780887e-11
65.33333333333333,0.013645441281753207,0.013645436342221349,0.013645441184417724,9.733548315821703e-11
66.66666666666667,0.01392391988929039,0.013923914641125626,0.01392391978376259,1.0552780082294818e-10
68.0,0.014202398509929581,0.01420239294053646,0.014202398395702896,1.1422668576279258e-10
69.33333333333333,0.014480877143943157,0.014480871240474334,0.014480877020490555,1.2345260193576078e-10
70.66666666666667,0.014759355791603885,0.014759349540960103,0.014759355658377467,1.332264185271032e-10
72.0,0.01503783445318494,0.01503782784201506,0.01503783430961553,1.4356940994933034e-10
73.33333333333333,0.0153163131289599,0.015316306143660856,0.015316312974456644,1.5450325584223427e-10
74.66666666666667,0.015594791819202763,0.015594784445919595,0.015594791653152721,1.6605004107291008e-10
76.0,0.015873270524187907,0.015873262748813764,0.01587327034595565,1.7823225573577628e-10
77.33333333333333,0.016151749244190144,0.016151741052366258,0.016151749053117347,1.9107279515259888e-10
78.66666666666666,0.016430227979484662,0.016430219356600377,0.016430227774889703,2.0459495987251196e-10
80.0,0.016708706730347078,0.016708697661539828,0.01670870651152462,2.188224556720422e-10
81.33333333333333,0.016987185497053393,0.01698717596720872,0.016987185263273998,2.3377939355513047e-10
82.66666666666666,0.017265664279880036,0.017265654273631574,0.017265664030389746,2.494902897531574e-10
84.0,0.017544143079103815,0.0175441325808333,0.01754414281312375,2.65980065724966e-10
85.33333333333333,0.017822621895001965,0.01782261088883923,0.01782262161172792,2.8327404815688654e-10
86.66666666666666,0.018101100727852114,0.018101089197675106,0.018101100426454145,3.0139796896276196e-10
88.0,0.018379579577932303,0.018379567507367058,0.01837957925755434,3.2037796528397267e-10
89.33333333333333,0.018658058445520972,0.01865804581794162,0.018658058105280394,3.4024057948946206e-10
90.66666666666666,0.01893653733089696,0.01893652412942575,0.0189365369698842,3.6101275917576277e-10
92.0,0.019215016234339525,0.019215002441846804,0.019215015851617667,3.82721857167024e-10
93.33333333333333,0.01949349515612832,0.019493480755232537,0.01949349475073269,4.0539563151503644e-10
94.66666666666666,0.019771974096543417,0.0197719590696111,0.019771973667481173,4.2906224549926123e-10
96.0,0.02005045305586527,0.020050437385011072,0.020050452602115004,4.5375026762685783e-10
97.33333333333333,0.02032893203437475,0.020328915701461423,0.02032893155488608,4.794886716327102e-10
98.66666666666666,0.02060741103235314,0.020607394018991535,0.020607410526046303,5.063068364794567e-10
100.0,0.02088589005008212,0.0208858723376312,0.020885889515847574,5.342345463575195e-10
101.33333333333333,0.021164369087843776,0.02116435065741058,0.021164368524541784,5.633019906851319e-10
102.66666666666666,0.02144284814592059,0.021442828978360317,0.021442847552380826,5.935397641083696e-10
104.0,0.021721327224595476,0.021721307300511365,0.02172132659961661,6.249788665011809e-10
105.33333333333333,0.02199980632415172,0.02199978562389514,0.02199980566650102,6.576507029654152e-10
106.66666666666666,0.022278285444873033,0.022278263948543462,0.02227828475328595,6.915870838308559e-10
108.0,0.02255676458704353,0.02255674227448855,0.022556763860223303,7.26820224655251e-10
109.33333333333333,0.022835243750947715,0.022835220601763025,0.02283524298756497,7.633827462243447e-10
110.66666666666666,0.023113722936870522,0.023113698930399888,0.02311372213556285,8.01307674551909e-10
112.0,0.023392202145097272,0.023392177260432606,0.02339220130446883,8.406284408797769e-10
113.33333333333333,0.023670681375913695,0.02367065559189499,0.023670680494534812,8.813788816778745e-10
114.66666666666666,0.023949160629605927,0.023949133924821286,0.023949159706012687,9.235932386442549e-10
116.0,0.024227639906460516,0.02422761225924614,0.024227638939154358,9.673061587051326e-10
117.33333333333333,0.0245061192067644,0.024506090595204623,0.024506118194211706,1.0125526940149136e-09
118.66666666666666,0.024784598530804922,0.02478456893273217,0.02478459747143662,1.0593683019562353e-09
120.0,0.025063077878869862,0.025063047271864643,0.025063076771081015,1.107788845139999e-09
121.33333333333333,0.025341557251247357,0.025341525612638336,0.025341556093396767,1.157850591405403e-09
122.66666666666666,0.02562003664822598,0.025620003955089884,0.025620035438635766,1.2095902138199803e-09
124.0,0.02589851607009471,0.025898482299256405,0.02589851480704992,1.2630447906796373e-09
125.33333333333333,0.026176995517142913,0.026176960645175353,0.026176994198891107,1.3182518055086836e-09
126.66666666666666,0.026455474989660374,0.02645543899288462,0.026455473614411227,1.375249147059874e-09
128.0,0.02673395448793728,0.02673391734242251,0.026733953053862173,1.434075109314446e-09
129.33333333333331,0.02701243401226421,0.02701239569382772,0.027012432517495816,1.4947683914821512e-09
130.66666666666666,0.02729091356293218,0.027290874047139355,0.02729091200556408,1.5573680980013037e-09
132.0,0.027569393140232573,0.02756935240239693,0.027569391518318834,1.6219137385388096e-09
133.33333333333331,0.027847872744457196,0.027847830759640334,0.02784787105601197,1.6884452279902067e-09
134.66666666666666,0.02812635237589827,0.028126309118909926,0.028126350618895384,1.757002886479709e-09
136.0,0.028404832034848403,0.028404787480246392,0.028404830207220965,1.8276274393602438e-09
137.33333333333331,0.02868331172160062,0.028683265843690898,0.0286833098212406,1.9003600172134873e-09
138.66666666666666,0.028961791436448347,0.028961744209284938,0.02896178946120619,1.9752421558499116e-09
140.0,0.029240271179685407,0.029240222577070502,0.02924026912736961,2.0523157963088216e-09
141.33333333333331,0.029518750951606033,0.0295187009470899,0.02951874881998275,2.131623284858397e-09
142.66666666666666,0.029797230752504875,0.029797179319385896,0.0297972285392975,2.213207372995736e-09
144.0,0.03007571058267698,0.030075657694001657,0.030075708285565765,2.297111217446894e-09
145.33333333333331,0.03035419044241778,0.030354136070980732,0.0303541880590394,2.3833783801669217e-09
146.66666666666666,0.03063267033202315,0.030632614450367083,0.03063266785997032,2.472052828339928e-09
148.0,0.030911150251789345,0.030911092832205073,0.03091114768861041,2.5631789343790952e-09
149.33333333333331,0.031189630202013027,0.03118957121653952,0.03118962754521155,2.65680147592674e-09
150.66666666666666,0.03146811018299127,0.03146804960341558,0.031468107430025635,2.7529656358543568e-09
152.0,0.03174659019502154,0.03174652799287884,0.03174658734330454,2.851717002262654e-09
153.33333333333331,0.032025070238401725,0.03202500638497529,0.032025067285300156,2.9531015684816085e-09
154.66666666666666,0.032303550313430116,0.03230348477975136,0.03230354725626438,3.057165733070501e-09
156.0,0.032582030420405375,0.03258196317725381,0.03258202725644908,3.16395629981797e-09
157.33333333333331,0.03286051055962664,0.03286044157752986,0.032860507286106164,3.2735204777420556e-09
158.66666666666666,0.033138990731393383,0.033138919980627145,0.0331389873454875,3.3859058810902408e-09
160.0,0.03341747093600551,0.03341739838659367,0.03341746743484498,3.501160529339503e-09
161.33333333333331,0.033695951173763325,0.033695876795477864,0.03369594755443048,3.6193328471963596e-09
162.66666666666666,0.03397443144496756,0.033974355207328555,0.0339744277044959,3.740471664596921e-09
164.0,0.03425291174991933,0.03425283362219496,0.034252907885293116,3.864626216706929e-09
165.33333333333331,0.03453139208892015,0.03453131204012676,0.034531388097074005,3.99184614392181e-09
166.66666666666666,0.03480987246227196,0.03480979046117396,0.03480986834009047,4.122181491866724e-09
168.0,0.03508835287027709,0.03508826888538704,0.03508834861459438,4.2556827113966165e-09
169.33333333333331,0.03536683331323829,0.035366747312816825,0.03536682892083763,4.3924006585962595e-09
170.66666666666666,0.03564531379145869,0.03564522574351461,0.03564530925907209,4.532386594780312e-09
172.0,0.035923794305241834,0.03592370417753204,0.035923789629549646,4.675692186493361e-09
173.33333333333331,0.03620227485489169,0.03620218261492119,0.03620227003252219,4.822369505509975e-09
174.66666666666666,0.03648075544071263,0.036480661055734546,0.0364807504682416,4.97247102883477e-09
176.0,0.03675923606300938,0.036759139500025,0.03675923093695974,5.126049638702427e-09
177.33333333333331,0.037037716722087145,0.03703761794784579,0.03703771143892852,5.2831586225777775e-09
178.66666666666666,0.037316197418251484,0.03731609639925066,0.03731619197439981,5.4438516731558414e-09
180.0,0.03759467815180838,0.03759457485429368,0.03759467254362549,5.608182888361879e-09
181.33333333333331,0.03787315892306421,0.03787305331302937,0.03787315314685744,5.776206771351444e-09
182.66666666666666,0.03815163973232578,0.03815153177551263,0.03815163378434755,5.947978230510448e-09
184.0,0.03843012057990027,0.03843001024179877,0.03843011445634769,6.1235525794551964e-09
185.33333333333331,0.03870860146609527,0.03870848871194354,0.03870859516310973,6.302985537032452e-09
186.66666666666666,0.038987082391218814,0.038986967186003,0.038987075904885586,6.4863332273195e-09
188.0,0.03926556335557929,0.03926544566403372,0.03926555668192711,6.673652179624185e-09
189.33333333333331,0.0395440443594855,0.039543924146092646,0.03954403749448617,6.8649993284849615e-09
190.66666666666666,0.0398225254032467,0.039822402632237075,0.03982251834281468,7.060432013670996e-09
192.0,0.04010100648717247,0.04010088112252481,0.040100999227164494,7.260007980182159e-09
193.33333333333331,0.04037948761157288,0.04037935961701396,0.0403794801477875,7.463785378249121e-09
194.66666666666666,0.04065796877675833,0.040657838115763074,0.04065796110493557,7.671822763333408e-09
196.0,0.040936449983039684,0.040936316618831146,0.04093644209886059,7.884179096127455e-09
197.33333333333331,0.04121493123072817,0.04121479512627751,0.041214923129814424,8.100913742554636e-09
198.66666666666666,0.04149341252013544,0.04149327363816196,0.04149340419804897,8.322086473769383e-09
200.0,0.04177189385157356,0.04177175215454467,0.04177188530381609,8.547757466157176e-09
201.33333333333331,0.04205037522535496,0.04205023067548621,0.042050366447367656,8.77798730133466e-09
202.66666666666666,0.042328856641792534,0.04232870920104755,0.04232884762895557,9.012836966149667e-09
204.0,0.04260733810119955,0.042607187731290116,0.0426073288488317,9.252367852681292e-09
205.33333333333331,0.042885819603889645,0.042885666266275706,0.04288581010724789,9.496641758239945e-09
206.66666666666666,0.04316430115017694,0.0431641448060665,0.04316429140445606,9.74572088536743e-09
208.0,0.04344278274037589,0.043442623350725115,0.04344277274070805,9.999667841836966e-09
209.33333333333331,0.0437212643748014,0.04372110190031455,0.04372125411625576,1.0258545640653298e-08
210.66666666666666,0.043999746053768767,0.04399958045489825,0.043999735531351065,1.0522417700052743e-08
212.0,0.04427822777759366,0.04427805901454001,0.044278216986245816,1.079134784350321e-08
213.33333333333331,0.044556709546592216,0.04455653757930408,0.04455669848119192,1.106540029970433e-08
214.66666666666666,0.04483519136108092,0.044835016149255086,0.04483518001644122,1.1344639702587473e-08
216.0,0.045113673221376695,0.04511349472445808,0.045113661592245606,1.1629131091315824e-08
217.33333333333331,0.04539215512779687,0.045391973304978454,0.045392143208856955,1.1918939910284459e-08
218.66666666666666,0.04567063708065914,0.04567045189088215,0.04567062486652713,1.2214132009120378e-08
220.0,0.04594911908028166,0.04594893048223534,0.04594910656550802,1.251477364268262e-08
221.33333333333331,0.046227601126982945,0.046227409079104706,0.046227588306051476,1.282093147106226e-08
222.66666666666666,0.046506083221081934,0.046505887681557334,0.046506070088409374,1.3132672559582546e-08
224.0,0.046784565362898,0.04678436628966066,0.046784551912833615,1.345006437879892e-08
225.33333333333331,0.04706304755275085,0.04706284490348258,0.04706303377957605,1.3773174804499078e-08
226.66666666666666,0.047341529790960644,0.04734132352309139,0.04734151568888852,1.4102072117703079e-08
228.0,0.047620012077847974,0.047619802148555754,0.04761999764102297,1.4436825004663389e-08
229.33333333333331,0.04789849441373374,0.04789828077994478,0.04789847963623119,1.4777502556864899e-08
230.66666666666666,0.04817697679893938,0.04817675941732796,0.04817696167476511,1.5124174271025112e-08
232.0,0.04845545923378663,0.04845523806077518,0.048455443756876576,1.5476910049094087e-08
233.33333333333331,0.04873394171859766,0.048733716710356714,0.04873392588281746,1.5835780198254563e-08
234.66666666666666,0.04901242425369508,0.049012195366143374,0.04901240805283965,1.6200855430922064e-08
236.0,0.049290906839401835,0.04929067402820619,0.04929089026719497,1.6572206864744887e-08
237.33333333333331,0.049569389476041364,0.049569152696616714,0.049569372526135344,1.694990602260423e-08
238.66666666666666,0.04984787216393743,0.04984763137144687,0.049847854829912594,1.7334024832614262e-08
240.0,0.05012635490341426,0.050126110052769006,0.05012633717877863,1.7724635628122153e-08
241.33333333333331,0.05040483769479645,0.05040458874065586,0.0504048195729853,1.8121811147708174e-08
242.66666666666666,0.05068332053840901,0.05068306743518055,0.050683302012784474,1.8525624535185776e-08
244.0,0.05096180343457737,0.05096154613641663,0.050961784498428024,1.8936149339601654e-08
245.33333333333331,0.05124028638362731,0.05124002484443806,0.0512402670301678,1.9353459515235777e-08
246.66666666666666,0.05151876938588512,0.05151850355931922,0.0515187496082557,1.9777629421601565e-08
248.0,0.05179725244167739,0.05179698228113486,0.051797232232943566,2.0208733823445843e-08
249.33333333333331,0.05207573555133117,0.05207546100996014,0.05207571490448328,2.0646847890748967e-08
250.66666666666666,0.0523542187151739,0.05235393974587063,0.0523541976231267,2.109204719872495e-08
252.0,0.052632701933533414,0.05263241848894232,0.052632680389125684,2.1544407727821406e-08
253.33333333333331,0.052911185206737994,0.05291089723925161,0.052911163202732134,2.2004005863719782e-08
254.66666666666666,0.05318966853511628,0.053189375996875274,0.05318964606419788,2.2470918397335304e-08
256.0,0.05346815191899732,0.05346785476189047,0.053468128973774794,2.294522252481711e-08
257.3333333333333,0.05374663535871058,0.05374633353437491,0.05374661193171473,2.3426995847548308e-08
258.66666666666663,0.05402511885458597,0.05402481231440647,0.0540250949382696,2.3916316372146114e-08
260.0,0.054303602406953734,0.05430329110206365,0.054303577993691225,2.441326251046182e-08
261.3333333333333,0.05458208601614455,0.05458176989742523,0.05458206109823147,2.4917913079580946e-08
262.66666666666663,0.054860569682489514,0.05486024870057044,0.054860544252142214,2.5430347301823285e-08
264.0,0.05513905340632015,0.055138727511578896,0.055139027455675345,2.5950644804743055e-08
265.3333333333333,0.055417537187968297,0.05541720633053065,0.05541751070908268,2.6478885621128815e-08
266.66666666666663,0.05569602102776628,0.055695685157506114,0.055695994012616094,2.7015150189003754e-08
268.0,0.05597450492604683,0.055974163992586166,0.05597447736652748,2.7559519351625583e-08
269.3333333333333,0.05625298888314302,0.05625264283585204,0.056252960771068665,2.8112074357486683e-08
270.66666666666663,0.05653147289938837,0.05653112168738537,0.056531444226491506,2.8672896860314286e-08
272.0,0.05680995697511683,0.05680960054726821,0.05680992773304791,2.924206891907039e-08
273.3333333333333,0.0570884411106627,0.057088079415583054,0.0570884112909897,2.9819672997951904e-08
274.66666666666663,0.057366925306360714,0.057366558292412766,0.057366894900568746,3.040579196639079e-08
276.0,0.05764540956254602,0.05764503717784064,0.05764537856203692,3.100050909905407e-08
277.3333333333333,0.05792389387955415,0.05792351607195026,0.057923862275646075,3.1603908075843906e-08
278.66666666666663,0.058202378257721045,0.05820199497482582,0.05820234604164806,3.2216072981897704e-08
280.0,0.05848086269738308,0.058480473886551775,0.05848082986029478,3.283708830758831e-08
281.3333333333333,0.05875934719887698,0.058758952807212994,0.058759313731838035,3.3467038948523777e-08
282.66666666666663,0.05903783176253992,0.059037431736894824,0.059037797656529716,3.4106010205547815e-08
284.0,0.05931631638870947,0.059315910675682926,0.05931628163462168,3.475408778473968e-08
285.3333333333333,0.059594801077723594,0.05959438962366341,0.0595947656663658,3.541135779741425e-08
286.66666666666663,0.059873285829920665,0.05987286858092281,0.059873249752013906,3.6077906760122176e-08
288.0,0.06015177064563948,0.06015134754754806,0.06015173389181788,3.6753821594649977e-08
289.3333333333333,0.060430255525219176,0.06042982652362647,0.060430218086029545,3.7439189628019925e-08
290.66666666666663,0.06070874046899939,0.06070830550924578,0.0607087023349008,3.813409859249057e-08
292.0,0.060987225477320134,0.06098678450449413,0.06098718663868351,3.883863662555638e-08
293.3333333333333,0.061265710550521754,0.06126526350946004,0.06126567099762949,3.9552892269947914e-08
294.66666666666663,0.06154419568894509,0.06154374252423245,0.06154415541199062,4.0276954473632166e-08
296.0,0.061822680892931345,0.061822221548900755,0.061822639882018755,4.1010912589812435e-08
297.3333333333333,0.06210116616282211,0.0621007005835547,0.06210112440796573,4.175485637692837e-08
298.66666666666663,0.062379651498959444,0.06237917962828441,0.06237960899008345,4.250887599865626e-08
300.0,0.06265813690168576,0.06265765868318052,0.06265809362862373,4.3273062023908954e-08
301.3333333333333,0.06293662237134387,0.06293613774833395,0.06293657832383845,4.404750542683594e-08
302.66666666666663,0.06321510790827703,0.06321461682383608,0.06321506307597945,4.4832297586823625e-08
304.0,0.06349359351282886,0.06349309590977872,0.06349354788529858,4.562753028849522e-08
305.3333333333333,0.06377207918534343,0.06377157500625404,0.06377203275204771,4.643329572171092e-08
306.66666666666663,0.06405056492616516,0.06405005411335464,0.06405051767647868,4.724968648156796e-08
308.0,0.06432905073563892,0.06432853323117352,0.06432900265884335,4.807679556840081e-08
309.3333333333333,0.06460753661410996,0.06460701235980411,0.06460748769939358,4.8914716387781014e-08
310.66666666666663,0.064886022561924,0.06488549149934016,0.06488597279838125,4.976354275051766e-08
312.0,0.065164508579427,0.06516397064987595,0.06516445795605813,5.0623368872657144e-08
313.3333333333333,0.06544299466696554,0.06544244981150604,0.06544294317267617,5.149428937548337e-08
314.66666666666663,0.06572148082488644,0.06572092898432551,0.06572142844848715,5.237639928551791e-08
316.0,0.06599996705353699,0.06599940816842977,0.06599991378374295,5.3269794034520054e-08
317.3333333333333,0.0662784533532649,0.06627788736391464,0.06627839917869545,5.417456945948679e-08
318.66666666666663,0.06655693972441826,0.06655636657087638,0.06655688463359645,5.5090821802653066e-08
320.0,0.06683542616734557,0.06683484578941164,0.06683537014869786,5.6018647711491897e-08
321.3333333333333,0.06711391268239571,0.06711332501961745,0.06711385572425146,5.695814423871418e-08
322.66666666666663,0.067392399269918,0.06739180426159129,0.06739234136050916,5.790940884226919e-08
324.0,0.06767088593026217,0.067670283515431,0.06767082705772279,5.887253938534443e-08
325.3333333333333,0.0679493726637783,0.06794876278123488,0.06794931281614416,5.98476341363656e-08
326.66666666666663,0.06822785947081697,0.06822724205910155,0.0682277986360252,6.083479176899712e-08
328.0,0.06850634635172909,0.06850572134913015,0.06850628451761773,6.183411136214186e-08
329.3333333333333,0.06878483330686594,0.06878420065142013,0.06878477046117354,6.284569239994127e-08
330.66666666666663,0.06906332033657933,0.06906267996607138,0.06906325646694456,6.386963477177568e-08
332.0,0.06934180744122138,0.0693411592931842,0.06934174253518262,6.490603877226424e-08
333.3333333333333,0.06962029462114463,0.06961963863285928,0.06962022866613954,6.595500510126497e-08
334.66666666666663,0.06989878187670201,0.06989811798519771,0.06989871486006714,6.701663486387505e-08
336.0,0.07017726920824695,0.07017659735030107,0.07017720111721738,6.809102957043084e-08
337.3333333333333,0.07045575661613314,0.07045507672827116,0.070455687437842,6.917829113650779e-08
338.66666666666663,0.07073424410071479,0.07073355611921038,0.07073417382219291,7.027852188292085e-08
340.0,0.07101273166234644,0.07101203552322147,0.0710126602705219,7.139182453572434e-08
341.3333333333333,0.0712912193013831,0.07129051494040746,0.07129114678308088,7.251830222621216e-08
342.66666666666663,0.07156970701818013,0.07156899437087204,0.07156963336012165,7.365805849091786e-08
344.0,0.07184819481309336,0.07184747381471902,0.0718481200018961,7.481119727161481e-08
345.3333333333333,0.0721266826864789,0.07212595327205276,0.07212660670865598,7.597782291531605e-08
346.66666666666663,0.07240517063869342,0.07240443274297809,0.07240509348065324,7.715804017427477e-08
348.0,0.07268365867009392,0.0726829122276001,0.07268358031813972,7.835195420598422e-08
349.3333333333333,0.07296214678103777,0.07296139172602438,0.0729620672213672,7.955967057317763e-08
350.66666666666663,0.0732406349718828,0.07323987123835687,0.07324055419058755,8.078129524382865e-08
352.0,0.07351912324298725,0.07351835076470398,0.07351904122605266,8.201693459115133e-08
353.3333333333333,0.0737976115947097,0.07379683030517244,0.0737975283280143,8.326669539360006e-08
354.66666666666663,0.0740761000274092,0.07407530985986946,0.07407601549672437,8.453068483486991e-08
356.0,0.07435458854144518,0.07435378942890264,0.07435450273243467,8.580901050389667e-08
357.3333333333333,0.0746330771371775,0.0746322690123799,0.0746329900353971,8.710178039485673e-08
358.66666666666663,0.07491156581496634,0.07491074861040976,0.07491147740586343,8.840910290716758e-08
360.0,0.07519005457517242,0.07518922822310095,0.07518996484408558,8.973108684548775e-08
361.3333333333333,0.07546854341815676,0.07546770785056268,0.07546845235031534,9.106784141971662e-08
362.66666666666663,0.07574703234428079,0.07574618749290456,0.07574693992480455,9.241947624499493e-08
364.0,0.07602552135390643,0.07602466715023662,0.07602542756780509,9.378610134170495e-08
365.3333333333333,0.07630401044739589,0.07630314682266931,0.07630391527956876,9.516782713546998e-08
366.66666666666663,0.07658249962511186,0.07658162651031339,0.0765824030603474,9.656476445715518e-08
368.0,0.07686098888741744,0.07686010621328018,0.07686089091039289,9.797702454286727e-08
369.3333333333333,0.0771394782346761,0.07713858593168126,0.07713937882995706,9.940471903395462e-08
370.66666666666663,0.07741796766725169,0.07741706566562871,0.0774178668192917,1.0084795997700761e-07
372.0,0.07769645718550858,0.07769554541523495,0.07769635487864876,1.023068598238586e-07
373.3333333333333,0.07797494678981137,0.07797402518061289,0.07797484300827993,1.0378153143158186e-07
374.66666666666663,0.07825343648052524,0.07825250496187572,0.07825333120843718,1.0527208806249406e-07
376.0,0.07853192625801567,0.07853098475913713,0.07853181947937228,1.0677864338415416e-07
377.3333333333333,0.07881041612264855,0.0788094645725112,0.07881030782133708,1.0830131146936334e-07
378.66666666666663,0.0790889060747902,0.07908794440211239,0.07908879623458341,1.0984020679616554e-07
380.0,0.07936739611480739,0.07936642424805561,0.07936728471936315,1.1139544424784733e-07
381.3333333333333,0.07964588624306719,0.07964490411045615,0.07964577327592808,1.1296713911293794e-07
382.66666666666663,0.07992437645993716,0.07992338398942968,0.07992426190453007,1.1455540708520936e-07
384.0,0.08020286676578522,0.08020186388509229,0.08020275060542097,1.161603642636769e-07
385.3333333333333,0.08048135716097973,0.08048034379756051,0.08048123937885258,1.1778212715259865e-07
386.66666666666663,0.08075984764588943,0.08075882372695123,0.08075972822507678,1.1942081266147611e-07
388.0,0.08103833822088345,0.08103730367338176,0.08103821714434535,1.2107653810505404e-07
389.3333333333333,0.08131682888633136,0.08131578363696985,0.08131670613691017,1.227494212033206e-07
390.66666666666663,0.08159531964260311,0.08159426361783358,0.08159519520302302,1.244395800815075e-07
392.0,0.08187381049006912,0.08187274361609151,0.08187368434293585,1.261471332700903e-07
393.3333333333333,0.08215230142910007,0.08215122363186254,0.08215217355690037,1.2787219970478806e-07
394.66666666666663,0.0824307924600672,0.08242970366526606,0.08243066284516846,1.2961489872656404e-07
396.0,0.08270928358334208,0.08270818371642176,0.08270915220799199,1.313753500816254e-07
397.3333333333333,0.08298777479929667,0.08298666378544983,0.08298764164562275,1.331536739214233e-07
398.66666666666663,0.08326626610830339,0.08326514387247082,0.08326613115831258,1.349499908026533e-07
400.0,0.08354475751073501,0.08354362397760566,0.08354462074631332,1.367644216872555e-07
73.3725,0.015324493440278185,0.015324486443780863,0.01532449328544459,1.5483359552547293e-10
73.3735,0.015324702299290734,0.015324695302507336,0.015324702144448697,1.5484203665906367e-10
73.3745,0.015324911158303287,0.015324904161233806,0.01532491100345281,1.5485047813779138e-10
73.3755,0.01532512001731585,0.015325113019960285,0.015325119862456929,1.5485891996166583e-10
73.3765,0.01532532887632842,0.015325321878686758,0.015325328721461058,1.548673621306962e-10
73.3775,0.015325537735340998,0.015325530737413239,0.015325537580465193,1.5487580464489192e-10
73.3785,0.01532574659435358,0.015325739596139715,0.015325746439469332,1.5488424750426232e-10
73.3795,0.015325955453366177,0.01532594845486619,0.015325955298473486,1.5489269070881705e-10
73.3805,0.01532616431237878,0.015326157313592673,0.015326164157477647,1.5490113425856544e-10
73.3815,0.015326373171391388,0.01532636617231915,0.01532637301648181,1.5490957815351664e-10
73.3825,0.015326582030404011,0.015326575031045625,0.015326581875485988,1.549180223936805e-10
73.3835,0.015326790889416634,0.015326783889772107,0.015326790734490166,1.5492646697906598e-10
73.3845,0.01532699974842927,0.015326992748498578,0.015326999593494359,1.5493491190968283e-10
73.3855,0.015327208607441913,0.01532720160722506,0.015327208452498556,1.549433571855402e-10
73.3865,0.015327417466454567,0.015327410465951544,0.015327417311502764,1.5495180280664778e-10
73.3875,0.015327626325467223,0.015327619324678023,0.015327626170506974,1.5496024877301472e-10
73.3885,0.015327835184479891,0.015327828183404505,0.015327835029511195,1.549686950846506e-10
73.3895,0.015328044043492566,0.015328037042130984,0.015328043888515424,1.5497714174156467e-10
73.3905,0.015328252902505253,0.015328245900857473,0.015328252747519665,1.5498558874376657e-10
73.3915,0.015328461761517942,0.015328454759583944,0.015328461606523906,1.549940360912654e-10
73.3925,0.015328670620530643,0.01532866361831043,0.01532867046552816,1.5500248378407093e-10
73.3935,0.015328879479543348,0.015328872477036909,0.015328879324532417,1.5501093182219224e-10
73.3945,0.015329088338556065,0.015329081335763392,0.015329088183536684,1.550193802056389e-10
73.3955,0.015329297197568793,0.015329290194489874,0.015329297042540964,1.5502782893442044e-10
73.3965,0.015329506056581526,0.015329499053216362,0.015329505901545248,1.5503627800854602e-10
73.3975,0.015329714915594265,0.015329707911942842,0.015329714760549538,1.5504472742802519e-10
73.3985,0.015329923774607013,0.015329916770669328,0.015329923619553836,1.5505317719286726e-10
73.3995,0.015330132633619771,0.015330125629395806,0.015330132478558144,1.5506162730308187e-10
73.4005,0.015330341492632533,0.015330334488122292,0.015330341337562454,1.55070077758678e-10
73.4015,0.015330550351645308,0.01533054334684878,0.01533055019656678,1.550785285596656e-10
73.4025,0.01533075921065809,0.015330752205575261,0.01533075905557111,1.5508697970605366e-10
73.4035,0.015330968069670879,0.015330961064301749,0.015330967914575448,1.5509543119785193e-10
73.4045,0.015331176928683677,0.015331169923028232,0.015331176773579794,1.5510388303506952e-10
73.4055,0.015331385787696484,0.015331378781754721,0.01533138563258415,1.5511233521771598e-10
73.4065,0.015331594646709296,0.01533158764048121,0.015331594491588508,1.5512078774580077e-10
73.4075,0.015331803505722122,0.015331796499207689,0.01533180335059288,1.5512924061933312e-10
73.4085,0.015332012364734948,0.01533200535793418,0.015332012209597254,1.5513769383832263e-10
73.4095,0.01533222122374779,0.015332214216660665,0.015332221068601642,1.551461474027787e-10
73.4105,0.015332430082760636,0.015332423075387156,0.015332429927606035,1.5515460131271058e-10
73.4115,0.01533263894177349,0.015332631934113647,0.015332638786610434,1.551630555681278e-10
73.4125,0.015332847800786354,0.015332840792840129,0.015332847645614845,1.5517151016903978e-10
73.4135,0.015333056659799225,0.015333049651566621,0.01533305650461926,1.551799651154559e-10
73.4145,0.015333265518812101,0.015333258510293114,0.01533326536362368,1.5518842040738563e-10
73.4155,0.015333474377824991,0.015333467369019594,0.015333474222628115,1.551968760448383e-10
73.4165,0.015333683236837885,0.01533367622774609,0.015333683081632554,1.5520533202782335e-10
73.4175,0.01533389209585079,0.015333885086472585,0.015333891940637003,1.5521378835635028e-10
73.4185,0.015334100954863704,0.015334093945199074,0.015334100799641459,1.5522224503042844e-10
73.4195,0.015334309813876621,0.015334302803925564,0.01533430965864592,1.5523070205006707e-10
73.4205,0.015334518672889551,0.015334511662652052,0.015334518517650391,1.5523915941527588e-10
73.4215,0.015334727531902487,0.015334720521378546,0.01533472737665487,1.5524761712606403e-10
73.4225,0.01533493639091543,0.015334929380105035,0.015334936235659355,1.5525607518244118e-10
73.4235,0.015335145249928385,0.015335138238831526,0.015335145094663851,1.5526453358441648e-10
73.4245,0.015335354108941344,0.015335347097558023,0.015335353953668352,1.5527299233199956e-10
73.4255,0.015335562967954314,0.015335555956284516,0.015335562812672864,1.5528145142519978e-10
73.4265,0.015335771826967291,0.015335764815011008,0.01533577167167738,1.5528991086402647e-10
73.4275,0.015335980685980279,0.015335973673737503,0.015335980530681907,1.552983706484891e-10
73.4285,0.015336189544993271,0.015336182532464002,0.01533618938968644,1.553068307785972e-10
73.4295,0.015336398404006269,0.015336391391190494,0.015336398248690977,1.5531529125435994e-10
73.4305,0.015336607263019277,0.015336600249916985,0.015336607107695525,1.5532375207578679e-10
73.4315,0.0153368161220323,0.01533680910864348,0.015336815966700086,1.553322132428875e-10
73.4325,0.015337024981045324,0.015337017967369977,0.01533702482570465,1.5534067475567094e-10
73.4335,0.015337233840058357,0.015337226826096468,0.01533723368470922,1.5534913661414694e-10
73.4345,0.015337442699071401,0.015337435684822969,0.015337442543713803,1.5535759881832488e-10
73.4355,0.01533765155808445,0.01533764454354946,0.015337651402718387,1.55366061368214e-10
73.4365,0.01533786041709751,0.015337853402275965,0.015337860261722985,1.553745242638237e-10
73.4375,0.015338069276110578,0.015338062261002459,0.01533806912072759,1.5538298750516363e-10
73.4385,0.015338278135123652,0.015338271119728958,0.0153382779797322,1.553914510922431e-10
73.4395,0.015338486994136733,0.015338479978455449,0.015338486838736818,1.5539991502507134e-10
73.4405,0.015338695853149826,0.015338688837181954,0.015338695697741447,1.5540837930365807e-10
73.4415,0.015338904712162925,0.015338897695908453,0.01533890455674608,1.5541684392801244e-10
73.4425,0.015339113571176032,0.015339106554634949,0.015339113415750723,1.5542530889814408e-10
73.4435,0.015339322430189149,0.015339315413361445,0.015339322274755375,1.5543377421406221e-10
73.4445,0.015339531289202273,0.015339524272087955,0.015339531133760033,1.5544223987577643e-10
73.4455,0.015339740148215403,0.015339733130814446,0.015339739992764697,1.55450705883296e-10
73.4465,0.015339949007228544,0.015339941989540947,0.015339948851769373,1.5545917223663046e-10
73.4475,0.015340157866241693,0.01534015084826745,0.015340157710774054,1.5546763893578917e-10
73.4485,0.015340366725254849,0.015340359706993953,0.015340366569778743,1.5547610598078155e-10
73.4495,0.015340575584268011,0.01534056856572045,0.015340575428783438,1.5548457337161698e-10
73.4505,0.015340784443281182,0.015340777424446964,0.015340784287788142,1.5549304110830492e-10
73.4515,0.015340993302294366,0.015340986283173454,0.015340993146792856,1.5550150919085488e-10
73.4525,0.015341202161307552,0.01534119514189996,0.015341202005797574,1.5550997761927613e-10
73.4535,0.015341411020320751,0.01534140400062646,0.015341410864802304,1.5551844639357816e-10
73.4545,0.015341619879333959,0.015341612859352965,0.015341619723807043,1.5552691551377037e-10
73.4555,0.015341828738347172,0.015341821718079471,0.015341828582811787,1.5553538497986209e-10
73.4565,0.015342037597360393,0.01534203057680597,0.015342037441816538,1.5554385479186292e-10
73.4575,0.015342246456373622,0.015342239435532477,0.015342246300821297,1.5555232494978214e-10
73.4585,0.01534245531538686,0.015342448294258987,0.015342455159826065,1.5556079545362916e-10
73.4595,0.015342664174400106,0.015342657152985486,0.01534266401883084,1.5556926630341359e-10
73.4605,0.015342873033413362,0.01534286601171199,0.015342872877835624,1.555777374991446e-10
73.4615,0.015343081892426624,0.01534307487043849,0.015343081736840415,1.5558620904083168e-10
73.4625,0.015343290751439894,0.015343283729165,0.015343290595845212,1.5559468092848446e-10
73.4635,0.01534349961045317,0.015343492587891507,0.015343499454850017,1.55603153162112e-10
73.4645,0.015343708469466458,0.015343701446618013,0.015343708313854832,1.5561162574172403e-10
73.4655,0.015343917328479754,0.015343910305344523,0.015343917172859656,1.5562009866732981e-10
73.4665,0.015344126187493055,0.015344119164071026,0.015344126031864483,1.556285719389388e-10
73.4675,0.015344335046506367,0.015344328022797536,0.015344334890869322,1.5563704555656034e-10
73.4685,0.015344543905519687,0.01534453688152405,0.015344543749874168,1.5564551952020404e-10
73.4695,0.015344752764533013,0.015344745740250547,0.01534475260887902,1.556539938298791e-10
73.4705,0.015344961623546352,0.015344954598977063,0.015344961467883883,1.5566246848559512e-10
73.4715,0.015345170482559695,0.01534516345770357,0.015345170326888752,1.5567094348736145e-10
73.4725,0.015345379341573045,0.015345372316430076,0.015345379185893626,1.556794188351874e-10
73.4735,0.015345588200586405,0.015345581175156593,0.01534558804489851,1.556878945290825e-10
73.4745,0.015345797059599774,0.015345790033883104,0.015345796903903404,1.556963705690563e-10
73.4755,0.015346005918613152,0.015345998892609613,0.015346005762908305,1.5570484695511793e-10
73.4765,0.015346214777626535,0.015346207751336119,0.01534621462191321,1.5571332368727706e-10
73.4775,0.01534642363663993,0.01534641661006263,0.01534642348091813,1.5572180076554305e-10
73.4785,0.015346632495653332,0.015346625468789144,0.015346632339923054,1.557302781899252e-10
73.4795,0.01534684135466674,0.015346834327515652,0.015346841198927985,1.5573875596043303e-10
73.4805,0.015347050213680158,0.015347043186242164,0.015347050057932923,1.55747234077076e-10
73.4815,0.01534725907269358,0.015347252044968677,0.015347258916937868,1.5575571253986343e-10
73.4825,0.015347467931707014,0.015347460903695187,0.015347467775942822,1.5576419134880478e-10
73.4835,0.015347676790720459,0.015347669762421707,0.015347676634947788,1.5577267050390956e-10
73.4845,0.015347885649733906,0.015347878621148217,0.015347885493952756,1.5578115000518705e-10
73.4855,0.015348094508747365,0.015348087479874728,0.015348094352957736,1.5578962985264666e-10
73.4865,0.015348303367760833,0.015348296338601249,0.015348303211962722,1.5579811004629808e-10
73.4875,0.015348512226774306,0.015348505197327758,0.015348512070967716,1.5580659058615038e-10
73.4885,0.015348721085787786,0.015348714056054272,0.015348720929972715,1.558150714722132e-10
73.4895,0.015348929944801278,0.015348922914780789,0.015348929788977726,1.5582355270449587e-10
73.4905,0.015349138803814777,0.015349131773507305,0.015349138647982742,1.5583203428300795e-10
73.4915,0.015349347662828283,0.015349340632233826,0.015349347506987767,1.558405162077586e-10
73.4925,0.015349556521841801,0.015349549490960332,0.015349556365992802,1.5584899847875752e-10
73.4935,0.015349765380855323,0.015349758349686852,0.015349765224997841,1.5585748109601406e-10
73.4945,0.015349974239868855,0.015349967208413374,0.01534997408400289,1.5586596405953754e-10
73.4955,0.015350183098882392,0.01535017606713989,0.015350182943007945,1.558744473693374e-10
73.4965,0.015350391957895941,0.015350384925866406,0.01535039180201301,1.5588293102542309e-10
73.4975,0.015350600816909496,0.015350593784592925,0.015350600661018081,1.5589141502780409e-10
73.4985,0.015350809675923057,0.015350802643319441,0.015350809520023158,1.5589989937648983e-10
73.4995,0.015351018534936634,0.015351011502045962,0.01535101837902825,1.559083840714897e-10
73.5005,0.015351227393950215,0.015351220360772485,0.015351227238033345,1.559168691128131e-10
73.5015,0.015351436252963802,0.015351429219499006,0.015351436097038448,1.5592535450046934e-10
73.5025,0.0153516451119774,0.015351638078225515,0.01535164495604356,1.5593384023446806e-10
73.5035,0.015351853970991005,0.015351846936952043,0.015351853815048678,1.559423263148186e-10
73.5045,0.015352062830004615,0.01535205579567856,0.015352062674053802,1.5595081274153034e-10
73.5055,0.015352271689018237,0.015352264654405083,0.015352271533058938,1.5595929951461272e-10
73.5065,0.015352480548031868,0.015352473513131602,0.01535248039206408,1.559677866340753e-10
73.5075,0.01535268940704551,0.015352682371858122,0.015352689251069236,1.5597627409992732e-10
73.5085,0.015352898266059152,0.015352891230584644,0.01535289811007439,1.559847619121783e-10
73.5095,0.015353107125072804,0.015353100089311171,0.015353106969079554,1.5599325007083752e-10
73.5105,0.015353315984086466,0.015353308948037686,0.015353315828084727,1.5600173857591464e-10
73.5115,0.015353524843100137,0.015353517806764212,0.01535352468708991,1.56010227427419e-10
73.5125,0.015353733702113815,0.015353726665490739,0.015353733546095098,1.5601871662535984e-10
73.5135,0.0153539425611275,0.015353935524217264,0.015353942405100292,1.560272061697468e-10
73.5145,0.015354151420141194,0.015354144382943781,0.015354151264105498,1.5603569606058936e-10
73.5155,0.0153543602791549,0.015354353241670303,0.015354360123110714,1.5604418629789675e-10
73.5165,0.015354569138168607,0.015354562100396828,0.01535456898211593,1.5605267688167844e-10
73.5175,0.015354777997182328,0.015354770959123356,0.01535477784112116,1.5606116781194393e-10
73.5185,0.015354986856196056,0.015354979817849881,0.015354986700126397,1.560696590887027e-10
73.5195,0.015355195715209793,0.015355188676576403,0.015355195559131642,1.5607815071196404e-10
73.5205,0.015355404574223535,0.015355397535302934,0.015355404418136893,1.5608664268173733e-10
73.5215,0.015355613433237283,0.015355606394029457,0.015355613277142148,1.5609513499803206e-10
73.5225,0.015355822292251044,0.015355815252755981,0.015355822136147416,1.561036276608578e-10
73.5235,0.015356031151264814,0.015356024111482514,0.015356030995152693,1.5611212067022392e-10
73.5245,0.015356240010278587,0.015356232970209037,0.015356239854157972,1.5612061402613958e-10
73.5255,0.015356448869292372,0.01535644182893557,0.015356448713163265,1.5612910772861456e-10
73.5265,0.015356657728306168,0.015356650687662099,0.015356657572168567,1.561376017776582e-10
73.5275,0.015356866587319967,0.015356859546388626,0.015356866431173871,1.561460961732798e-10
73.5285,0.015357075446333777,0.015357068405115153,0.015357075290179186,1.5615459091548884e-10
73.5295,0.015357284305347593,0.01535727726384168,0.015357284149184507,1.5616308600429471e-10
73.5305,0.015357493164361417,0.015357486122568214,0.015357493008189836,1.5617158143970697e-10
73.5315,0.015357702023375254,0.015357694981294743,0.015357701867195176,1.56180077221735e-10
73.5325,0.015357910882389095,0.01535790384002127,0.015357910726200522,1.5618857335038818e-10
73.5335,0.015358119741402944,0.015358112698747803,0.015358119585205875,1.561970698256758e-10
73.5345,0.0153583286004168,0.015358321557474328,0.015358328444211235,1.5620556664760767e-10
73.5355,0.015358537459430666,0.015358530416200866,0.015358537303216601,1.562140638161929e-10
73.5365,0.015358746318444541,0.015358739274927402,0.01535874616222198,1.56222561331441e-10
73.5375,0.015358955177458423,0.015358948133653924,0.015358955021227364,1.562310591933614e-10
73.5385,0.015359164036472315,0.015359156992380458,0.015359163880232757,1.5623955740196355e-10
73.5395,0.01535937289548621,0.015359365851106994,0.015359372739238155,1.562480559572568e-10
73.5405,0.015359581754500118,0.015359574709833521,0.015359581598243563,1.562565548592508e-10
73.5415,0.015359790613514036,0.015359783568560057,0.015359790457248982,1.5626505410795472e-10
73.5425,0.015359999472527959,0.015359992427286593,0.015359999316254406,1.5627355370337814e-10
73.5435,0.015360208331541888,0.015360201286013123,0.015360208175259835,1.5628205364553042e-10
73.5445,0.01536041719055583,0.015360410144739664,0.015360417034265276,1.5629055393442102e-10
73.5455,0.015360626049569778,0.0153606190034662,0.015360625893270722,1.5629905457005935e-10
73.5465,0.015360834908583731,0.01536082786219273,0.015360834752276176,1.5630755555245477e-10
73.5475,0.015361043767597693,0.015361036720919265,0.015361043611281636,1.5631605688161688e-10
73.5485,0.015361252626611664,0.015361245579645804,0.015361252470287105,1.5632455855755509e-10
73.5495,0.015361461485625645,0.015361454438372335,0.015361461329292584,1.563330605802787e-10
73.5505,0.015361670344639635,0.015361663297098878,0.015361670188298072,1.5634156294979717e-10
73.5515,0.015361879203653634,0.01536187215582541,0.01536187904730357,1.5635006566611998e-10
73.5525,0.015362088062667638,0.015362081014551946,0.01536208790630907,1.563585687292565e-10
73.5535,0.015362296921681649,0.015362289873278487,0.015362296765314577,1.5636707213921632e-10
73.5545,0.01536250578069567,0.015362498732005023,0.015362505624320094,1.563755758960086e-10
73.5555,0.015362714639709696,0.015362707590731559,0.015362714483325617,1.56384079999643e-10
73.5565,0.015362923498723736,0.015362916449458095,0.015362923342331152,1.5639258445012895e-10
73.5575,0.01536313235773778,0.015363125308184634,0.01536313220133669,1.5640108924747571e-10
73.5585,0.015363341216751836,0.015363334166911177,0.015363341060342242,1.564095943916929e-10
73.5595,0.015363550075765897,0.015363543025637716,0.015363549919347796,1.5641809988278973e-10
73.5605,0.01536375893477997,0.015363751884364252,0.015363758778353364,1.5642660572077592e-10
73.5615,0.015363967793794047,0.01536396074309079,0.015363967637358936,1.5643511190566057e-10
73.5625,0.01536417665280813,0.01536416960181733,0.015364176496364512,1.5644361843745337e-10
73.5635,0.015364385511822228,0.015364378460543879,0.015364385355370103,1.5645212531616362e-10
73.5645,0.015364594370836331,0.015364587319270415,0.015364594214375698,1.5646063254180095e-10
73.5655,0.015364803229850442,0.01536479617799696,0.015364803073381303,1.5646914011437452e-10
73.5665,0.015365012088864559,0.0153650050367235,0.01536501193238691,1.5647764803389383e-10
73.5675,0.015365220947878686,0.015365213895450047,0.01536522079139253,1.5648615630036843e-10
73.5685,0.015365429806892823,0.01536542275417659,0.015365429650398159,1.5649466491380767e-10
73.5695,0.015365638665906964,0.01536563161290313,0.015365638509403791,1.565031738742211e-10
73.5705,0.015365847524921117,0.015365840471629666,0.015365847368409433,1.5651168318161795e-10
73.5715,0.015366056383935277,0.015366049330356218,0.015366056227415084,1.5652019283600774e-10
73.5725,0.015366265242949442,0.01536625818908276,0.015366265086420739,1.5652870283739993e-10
73.5735,0.015366474101963621,0.0153664670478093,0.015366473945426408,1.5653721318580392e-10
73.5745,0.015366682960977804,0.01536667590653585,0.01536668280443208,1.5654572388122923e-10
73.5755,0.015366891819991998,0.015366884765262394,0.015366891663437764,1.565542349236852e-10
73.5765,0.015367100679006202,0.015367093623988942,0.015367100522443455,1.5656274631318143e-10
73.5775,0.015367309538020407,0.015367302482715488,0.01536730938144915,1.5657125804972697e-10
73.5785,0.015367518397034626,0.015367511341442031,0.015367518240454856,1.565797701333317e-10
73.5795,0.01536772725604885,0.015367720200168576,0.015367727099460568,1.5658828256400473e-10
73.5805,0.015367936115063086,0.015367929058895124,0.015367935958466292,1.5659679534175561e-10
73.5815,0.015368144974077326,0.015368137917621674,0.015368144817472017,1.566053084665938e-10
73.5825,0.015368353833091574,0.015368346776348216,0.015368353676477752,1.5661382193852878e-10
73.5835,0.015368562692105835,0.015368555635074763,0.0153685625354835,1.5662233575756988e-10
73.5845,0.015368771551120099,0.01536876449380132,0.015368771394489248,1.5663084992372655e-10
73.5855,0.015368980410134372,0.015368973352527866,0.015368980253495007,1.566393644370083e-10
73.5865,0.015369189269148653,0.015369182211254412,0.015369189112500774,1.566478792974244e-10
73.5875,0.015369398128162947,0.015369391069980967,0.015369397971506552,1.5665639450498457e-10
73.5885,0.015369606987177244,0.015369599928707506,0.015369606830512333,1.566649100596979e-10
73.5895,0.015369815846191551,0.015369808787434058,0.015369815689518125,1.566734259615741e-10
73.5905,0.015370024705205865,0.015370017646160614,0.015370024548523924,1.5668194221062254e-10
73.5915,0.015370233564220187,0.01537022650488716,0.015370233407529727,1.5669045880685252e-10
73.5925,0.015370442423234518,0.01537043536361371,0.015370442266535543,1.566989757502737e-10
73.5935,0.015370651282248862,0.015370644222340265,0.01537065112554137,1.5670749304089533e-10
73.5945,0.01537086014126321,0.015370853081066815,0.0153708599845472,1.5671601067872688e-10
73.5955,0.01537106900027756,0.015371061939793372,0.015371068843553031,1.5672452866377773e-10
73.5965,0.015371277859291927,0.015371270798519921,0.01537127770255888,1.5673304699605752e-10
73.5975,0.015371486718306302,0.015371479657246471,0.015371486561564736,1.567415656755756e-10
73.5985,0.015371695577320682,0.015371688515973021,0.015371695420570597,1.5675008470234138e-10
73.5995,0.015371904436335071,0.015371897374699576,0.015371904279576467,1.5675860407636418e-10
73.6005,0.015372113295349467,0.01537210623342613,0.015372113138582343,1.567671237976536e-10
73.6015,0.01537232215436387,0.015372315092152686,0.015372321997588225,1.5677564386621896e-10
73.6025,0.015372531013378286,0.015372523950879237,0.015372530856594123,1.5678416428206986e-10
73.6035,0.015372739872392707,0.015372732809605796,0.015372739715600022,1.5679268504521553e-10
73.6045,0.015372948731407135,0.015372941668332356,0.01537294857460593,1.568012061556656e-10
73.6055,0.015373157590421575,0.015373150527058907,0.015373157433611846,1.5680972761342936e-10
73.6065,0.015373366449436019,0.015373359385785457,0.01537336629261777,1.5681824941851635e-10
73.6075,0.01537357530845047,0.015373568244512019,0.015373575151623698,1.5682677157093587e-10
73.6085,0.015373784167464934,0.015373777103238576,0.01537378401062964,1.5683529407069753e-10
73.6095,0.015373993026479404,0.015373985961965125,0.015373992869635587,1.5684381691781066e-10
73.6105,0.015374201885493884,0.015374194820691689,0.015374201728641543,1.5685234011228482e-10
73.6115,0.01537441074450837,0.015374403679418247,0.015374410587647507,1.568608636541292e-10
73.6125,0.015374619603522866,0.015374612538144804,0.015374619446653479,1.568693875433535e-10
73.6135,0.015374828462537366,0.01537482139687136,0.015374828305659454,1.5687791177996708e-10
73.6145,0.015375037321551878,0.015375030255597921,0.015375037164665442,1.5688643636397924e-10
73.6155,0.015375246180566397,0.015375239114324481,0.015375246023671437,1.5689496129539964e-10
73.6165,0.015375455039580922,0.015375447973051038,0.015375454882677435,1.5690348657423755e-10
73.6175,0.015375663898595461,0.0153756568317776,0.015375663741683449,1.569120122005025e-10
73.6185,0.015375872757610005,0.015375865690504156,0.015375872600689467,1.5692053817420387e-10
73.6195,0.015376081616624555,0.015376074549230718,0.01537608145969549,1.569290644953511e-10
73.6205,0.015376290475639117,0.01537628340795728,0.015376290318701526,1.5693759116395367e-10
73.6215,0.015376499334653682,0.015376492266683838,0.015376499177707564,1.5694611818002098e-10
73.6225,0.015376708193668261,0.015376701125410402,0.015376708036713616,1.5695464554356256e-10
73.6235,0.015376917052682846,0.015376909984136966,0.015376916895719673,1.5696317325458777e-10
73.6245,0.015377125911697438,0.015377118842863522,0.015377125754725737,1.5697170131310593e-10
73.6255,0.015377334770712039,0.015377327701590086,0.01537733461373181,1.569802297191268e-10
73.6265,0.015377543629726646,0.01537753656031665,0.015377543472737887,1.5698875847265952e-10
73.6275,0.015377752488741264,0.015377745419043215,0.015377752331743976,1.5699728757371362e-10
