molecule,isotopologue_id,parameter,uncertainty_code,lines,fraction_pct
H2CO,1,position,6,281,95.578231292517
H2CO,1,position,5,13,4.421768707482993
H2CO,1,intensity,5,294,100.0
H2CO,1,air_width,4,185,62.925170068027214
H2CO,1,air_width,5,109,37.074829931972786
H2CO,1,self_width,3,185,62.925170068027214
H2CO,1,self_width,4,109,37.074829931972786
H2CO,1,temperature_exponent,2,185,62.925170068027214
H2CO,1,temperature_exponent,4,109,37.074829931972786
H2CO,1,pressure_shift,0,294,100.0
H2CO,2,position,6,119,99.16666666666667
H2CO,2,position,5,1,0.8333333333333334
H2CO,2,intensity,5,120,100.0
H2CO,2,air_width,4,120,100.0
H2CO,2,self_width,3,120,100.0
H2CO,2,temperature_exponent,2,120,100.0
H2CO,2,pressure_shift,0,120,100.0
H2CO,3,position,6,62,65.26315789473684
H2CO,3,position,5,21,22.105263157894736
H2CO,3,position,4,12,12.631578947368421
H2CO,3,intensity,5,95,100.0
H2CO,3,air_width,4,95,100.0
H2CO,3,self_width,3,95,100.0
H2CO,3,temperature_exponent,2,95,100.0
H2CO,3,pressure_shift,0,95,100.0
CH3OH,1,position,5,1372,100.0
CH3OH,1,intensity,0,1372,100.0
CH3OH,1,air_width,2,1372,100.0
CH3OH,1,self_width,2,1372,100.0
CH3OH,1,temperature_exponent,2,1372,100.0
CH3OH,1,pressure_shift,0,1372,100.0
CH3CN,1,position,7,1690,59.823008849557525
CH3CN,1,position,6,399,14.123893805309734
CH3CN,1,position,8,272,9.628318584070797
CH3CN,1,position,5,234,8.283185840707965
CH3CN,1,position,4,230,8.141592920353983
CH3CN,1,intensity,7,2489,88.10619469026548
CH3CN,1,intensity,8,336,11.893805309734514
CH3CN,1,air_width,8,1286,45.52212389380531
CH3CN,1,air_width,2,804,28.460176991150444
CH3CN,1,air_width,4,393,13.91150442477876
CH3CN,1,air_width,7,251,8.88495575221239
CH3CN,1,air_width,6,49,1.7345132743362832
CH3CN,1,air_width,1,42,1.4867256637168142
CH3CN,1,self_width,8,1493,52.849557522123895
CH3CN,1,self_width,2,819,28.991150442477878
CH3CN,1,self_width,4,397,14.053097345132743
CH3CN,1,self_width,7,80,2.831858407079646
CH3CN,1,self_width,6,36,1.2743362831858407
CH3CN,1,temperature_exponent,3,2616,92.60176991150442
CH3CN,1,temperature_exponent,1,209,7.398230088495575
CH3CN,1,pressure_shift,0,2825,100.0
CH4,1,position,3,153,93.29268292682927
CH4,1,position,5,11,6.7073170731707314
CH4,1,intensity,3,164,100.0
CH4,1,air_width,4,124,75.60975609756098
CH4,1,air_width,3,40,24.390243902439025
CH4,1,self_width,3,164,100.0
CH4,1,temperature_exponent,3,164,100.0
CH4,1,pressure_shift,2,124,75.60975609756098
CH4,1,pressure_shift,3,40,24.390243902439025
CH4,2,position,5,8,100.0
CH4,2,intensity,3,8,100.0
CH4,2,air_width,2,8,100.0
CH4,2,self_width,3,8,100.0
CH4,2,temperature_exponent,3,8,100.0
CH4,2,pressure_shift,2,8,100.0
CH4,3,position,6,1,100.0
CH4,3,intensity,6,1,100.0
CH4,3,air_width,5,1,100.0
CH4,3,self_width,5,1,100.0
CH4,3,temperature_exponent,2,1,100.0
CH4,3,pressure_shift,0,1,100.0
CO,1,position,6,9,60.0
CO,1,position,4,6,40.0
CO,1,intensity,7,9,60.0
CO,1,intensity,8,6,40.0
CO,1,air_width,5,15,100.0
CO,1,self_width,6,15,100.0
CO,1,temperature_exponent,6,15,100.0
CO,1,pressure_shift,3,15,100.0
CO,2,position,6,9,60.0
CO,2,position,4,6,40.0
CO,2,intensity,7,15,100.0
CO,2,air_width,5,15,100.0
CO,2,self_width,6,15,100.0
CO,2,temperature_exponent,6,15,100.0
CO,2,pressure_shift,3,15,100.0
CO,3,position,6,9,64.28571428571429
CO,3,position,4,5,35.714285714285715
CO,3,intensity,7,14,100.0
CO,3,air_width,5,14,100.0
CO,3,self_width,6,14,100.0
CO,3,temperature_exponent,6,14,100.0
CO,3,pressure_shift,3,14,100.0
CO,4,position,6,9,75.0
CO,4,position,4,3,25.0
CO,4,intensity,7,12,100.0
CO,4,air_width,5,12,100.0
CO,4,self_width,6,12,100.0
CO,4,temperature_exponent,6,12,100.0
CO,4,pressure_shift,3,12,100.0
CO,5,position,6,9,75.0
CO,5,position,4,3,25.0
CO,5,intensity,7,12,100.0
CO,5,air_width,5,12,100.0
CO,5,self_width,6,12,100.0
CO,5,temperature_exponent,6,12,100.0
CO,5,pressure_shift,3,12,100.0
CO,6,position,6,9,75.0
CO,6,position,4,3,25.0
CO,6,intensity,7,12,100.0
CO,6,air_width,5,12,100.0
CO,6,self_width,6,12,100.0
CO,6,temperature_exponent,6,12,100.0
CO,6,pressure_shift,3,12,100.0
O3,1,position,6,660,50.73020753266718
O3,1,position,5,422,32.43658724058417
O3,1,position,4,80,6.149116064565718
O3,1,position,7,74,5.687932359723289
O3,1,position,3,65,4.996156802459646
O3,1,intensity,5,914,70.25365103766333
O3,1,intensity,6,277,21.2913143735588
O3,1,intensity,4,76,5.841660261337433
O3,1,intensity,7,34,2.6133743274404306
O3,1,air_width,6,674,51.80630284396618
O3,1,air_width,4,430,33.05149884704074
O3,1,air_width,5,193,14.834742505764796
O3,1,air_width,0,4,0.3074558032282859
O3,1,self_width,5,1013,77.86318216756341
O3,1,self_width,2,288,22.136817832436588
O3,1,temperature_exponent,5,890,68.40891621829363
O3,1,temperature_exponent,2,411,31.59108378170638
O3,1,pressure_shift,0,1301,100.0
O3,2,position,0,326,100.0
O3,2,intensity,0,326,100.0
O3,2,air_width,6,207,63.49693251533742
O3,2,air_width,5,108,33.12883435582822
O3,2,air_width,4,11,3.374233128834356
O3,2,self_width,5,326,100.0
O3,2,temperature_exponent,5,326,100.0
O3,2,pressure_shift,0,326,100.0
O3,3,position,0,164,100.0
O3,3,intensity,0,164,100.0
O3,3,air_width,6,108,65.85365853658537
O3,3,air_width,5,53,32.31707317073171
O3,3,air_width,4,3,1.829268292682927
O3,3,self_width,5,164,100.0
O3,3,temperature_exponent,5,164,100.0
O3,3,pressure_shift,0,164,100.0
O3,4,position,6,3526,77.0541958041958
O3,4,position,5,923,20.170454545454547
O3,4,position,4,127,2.7753496503496504
O3,4,intensity,5,4576,100.0
O3,4,air_width,6,2445,53.43094405594405
O3,4,air_width,5,1233,26.94493006993007
O3,4,air_width,4,898,19.624125874125873
O3,4,self_width,5,4116,89.94755244755245
O3,4,self_width,2,460,10.052447552447552
O3,4,temperature_exponent,5,3822,83.52272727272727
O3,4,temperature_exponent,2,754,16.477272727272727
O3,4,pressure_shift,0,4576,100.0
O3,5,position,6,1704,72.11172238679644
O3,5,position,5,508,21.498095641134153
O3,5,position,4,151,6.390181972069403
O3,5,intensity,5,2363,100.0
O3,5,air_width,6,1286,54.42234447735929
O3,5,air_width,5,618,26.153195090986035
O3,5,air_width,4,459,19.424460431654676
O3,5,self_width,5,2124,89.88573846804908
O3,5,self_width,2,239,10.114261531950909
O3,5,temperature_exponent,5,1968,83.28396106644097
O3,5,temperature_exponent,2,395,16.716038933559034
O3,5,pressure_shift,0,2363,100.0
SO2,1,position,4,6336,98.90727443022166
SO2,1,position,6,69,1.0771152044957852
SO2,1,position,5,1,0.015610365282547611
SO2,1,intensity,5,5004,78.11426787386824
SO2,1,intensity,4,1402,21.885732126131753
SO2,1,air_width,4,5725,89.36934124258508
SO2,1,air_width,3,681,10.630658757414924
SO2,1,self_width,4,4654,72.65064002497658
SO2,1,self_width,5,1750,27.31813924445832
SO2,1,self_width,2,2,0.031220730565095223
SO2,1,temperature_exponent,0,6406,100.0
SO2,1,pressure_shift,0,6406,100.0
SO2,2,position,4,1905,70.06252298639205
SO2,2,position,6,682,25.08275101140125
SO2,2,position,5,132,4.854726002206694
SO2,2,intensity,5,2463,90.58477381390217
SO2,2,intensity,4,256,9.41522618609783
SO2,2,air_width,4,2719,100.0
SO2,2,self_width,4,1721,63.29532916513424
SO2,2,self_width,5,961,35.34387642515631
SO2,2,self_width,2,37,1.360794409709452
SO2,2,temperature_exponent,0,2719,100.0
SO2,2,pressure_shift,0,2719,100.0
SO2,3,position,4,1995,100.0
SO2,3,intensity,5,1995,100.0
SO2,3,air_width,4,1995,100.0
SO2,3,self_width,4,1214,60.852130325814535
SO2,3,self_width,5,781,39.147869674185465
SO2,3,temperature_exponent,0,1995,100.0
SO2,3,pressure_shift,0,1995,100.0
SO2,4,position,4,3711,100.0
SO2,4,intensity,5,3711,100.0
SO2,4,air_width,4,3711,100.0
SO2,4,self_width,4,2848,76.74481271894368
SO2,4,self_width,5,863,23.25518728105632
SO2,4,temperature_exponent,0,3711,100.0
SO2,4,pressure_shift,0,3711,100.0
NO2,1,position,3,1536,100.0
NO2,1,intensity,0,1536,100.0
NO2,1,air_width,5,1361,88.60677083333333
NO2,1,air_width,2,175,11.393229166666666
NO2,1,self_width,2,1536,100.0
NO2,1,temperature_exponent,3,1536,100.0
NO2,1,pressure_shift,3,1049,68.29427083333333
NO2,1,pressure_shift,2,487,31.705729166666668
H2O,1,position,5,22,59.45945945945946
H2O,1,position,7,8,21.62162162162162
H2O,1,position,6,4,10.81081081081081
H2O,1,position,4,3,8.108108108108109
H2O,1,intensity,3,29,78.37837837837837
H2O,1,intensity,6,8,21.62162162162162
H2O,1,air_width,4,32,86.48648648648648
H2O,1,air_width,5,3,8.108108108108109
H2O,1,air_width,6,1,2.7027027027027026
H2O,1,air_width,3,1,2.7027027027027026
H2O,1,self_width,2,25,67.56756756756756
H2O,1,self_width,4,9,24.324324324324323
H2O,1,self_width,3,3,8.108108108108109
H2O,1,temperature_exponent,2,17,45.945945945945944
H2O,1,temperature_exponent,4,11,29.72972972972973
H2O,1,temperature_exponent,5,5,13.513513513513514
H2O,1,temperature_exponent,6,3,8.108108108108109
H2O,1,temperature_exponent,3,1,2.7027027027027026
H2O,1,pressure_shift,3,28,75.67567567567568
H2O,1,pressure_shift,6,6,16.216216216216218
H2O,1,pressure_shift,1,2,5.405405405405405
H2O,1,pressure_shift,0,1,2.7027027027027026
H2O,2,position,5,28,80.0
H2O,2,position,4,3,8.571428571428571
H2O,2,position,3,2,5.714285714285714
H2O,2,position,1,1,2.857142857142857
H2O,2,position,8,1,2.857142857142857
H2O,2,intensity,3,31,88.57142857142857
H2O,2,intensity,5,2,5.714285714285714
H2O,2,intensity,4,1,2.857142857142857
H2O,2,intensity,6,1,2.857142857142857
H2O,2,air_width,4,24,68.57142857142857
H2O,2,air_width,2,7,20.0
H2O,2,air_width,5,3,8.571428571428571
H2O,2,air_width,6,1,2.857142857142857
H2O,2,self_width,2,27,77.14285714285714
H2O,2,self_width,4,6,17.142857142857142
H2O,2,self_width,3,2,5.714285714285714
H2O,2,temperature_exponent,4,11,31.428571428571427
H2O,2,temperature_exponent,6,8,22.857142857142858
H2O,2,temperature_exponent,3,6,17.142857142857142
H2O,2,temperature_exponent,5,6,17.142857142857142
H2O,2,temperature_exponent,8,3,8.571428571428571
H2O,2,temperature_exponent,2,1,2.857142857142857
H2O,2,pressure_shift,3,21,60.0
H2O,2,pressure_shift,6,6,17.142857142857142
H2O,2,pressure_shift,9,5,14.285714285714286
H2O,2,pressure_shift,1,2,5.714285714285714
H2O,2,pressure_shift,0,1,2.857142857142857
H2O,3,position,5,13,54.166666666666664
H2O,3,position,4,7,29.166666666666668
H2O,3,position,1,4,16.666666666666668
H2O,3,intensity,6,19,79.16666666666667
H2O,3,intensity,7,4,16.666666666666668
H2O,3,intensity,5,1,4.166666666666667
H2O,3,air_width,5,15,62.5
H2O,3,air_width,2,4,16.666666666666668
H2O,3,air_width,3,4,16.666666666666668
H2O,3,air_width,6,1,4.166666666666667
H2O,3,self_width,2,20,83.33333333333333
H2O,3,self_width,3,4,16.666666666666668
H2O,3,temperature_exponent,5,18,75.0
H2O,3,temperature_exponent,3,6,25.0
H2O,3,pressure_shift,3,18,75.0
H2O,3,pressure_shift,0,4,16.666666666666668
H2O,3,pressure_shift,4,2,8.333333333333334
H2O,4,position,5,127,92.02898550724638
H2O,4,position,4,10,7.246376811594203
H2O,4,position,6,1,0.7246376811594203
H2O,4,intensity,6,129,93.47826086956522
H2O,4,intensity,3,9,6.521739130434782
H2O,4,air_width,2,138,100.0
H2O,4,self_width,2,138,100.0
H2O,4,temperature_exponent,2,138,100.0
H2O,4,pressure_shift,0,82,59.42028985507246
H2O,4,pressure_shift,3,56,40.57971014492754
H2O,5,position,5,37,56.06060606060606
H2O,5,position,4,23,34.84848484848485
H2O,5,position,6,6,9.090909090909092
H2O,5,intensity,6,66,100.0
H2O,5,air_width,2,66,100.0
H2O,5,self_width,2,66,100.0
H2O,5,temperature_exponent,2,66,100.0
H2O,5,pressure_shift,0,51,77.27272727272727
H2O,5,pressure_shift,3,15,22.727272727272727
H2O,6,position,4,49,87.5
H2O,6,position,6,3,5.357142857142857
H2O,6,position,3,3,5.357142857142857
H2O,6,position,2,1,1.7857142857142858
H2O,6,intensity,6,56,100.0
H2O,6,air_width,2,56,100.0
H2O,6,self_width,2,56,100.0
H2O,6,temperature_exponent,2,56,100.0
H2O,6,pressure_shift,0,46,82.14285714285714
H2O,6,pressure_shift,3,10,17.857142857142858
H2O,7,position,5,39,48.75
H2O,7,position,4,39,48.75
H2O,7,position,3,1,1.25
H2O,7,position,6,1,1.25
H2O,7,intensity,6,41,51.25
H2O,7,intensity,3,39,48.75
H2O,7,air_width,2,80,100.0
H2O,7,self_width,5,30,37.5
H2O,7,self_width,4,29,36.25
H2O,7,self_width,2,21,26.25
H2O,7,temperature_exponent,2,80,100.0
H2O,7,pressure_shift,0,80,100.0
O2,1,position,7,28,62.22222222222222
O2,1,position,8,14,31.11111111111111
O2,1,position,6,3,6.666666666666667
O2,1,intensity,4,19,42.22222222222222
O2,1,intensity,5,13,28.88888888888889
O2,1,intensity,6,7,15.555555555555555
O2,1,intensity,7,5,11.11111111111111
O2,1,intensity,8,1,2.2222222222222223
O2,1,air_width,2,23,51.111111111111114
O2,1,air_width,6,22,48.888888888888886
O2,1,self_width,6,28,62.22222222222222
O2,1,self_width,2,11,24.444444444444443
O2,1,self_width,5,6,13.333333333333334
O2,1,temperature_exponent,2,45,100.0
O2,1,pressure_shift,0,45,100.0
O2,2,position,8,38,88.37209302325581
O2,2,position,7,5,11.627906976744185
O2,2,intensity,5,42,97.67441860465117
O2,2,intensity,6,1,2.3255813953488373
O2,2,air_width,2,22,51.16279069767442
O2,2,air_width,6,21,48.83720930232558
O2,2,self_width,6,26,60.46511627906977
O2,2,self_width,2,10,23.25581395348837
O2,2,self_width,5,7,16.27906976744186
O2,2,temperature_exponent,2,43,100.0
O2,2,pressure_shift,0,43,100.0
O2,3,position,6,390,43.624161073825505
O2,3,position,7,337,37.695749440715886
O2,3,position,8,167,18.680089485458613
O2,3,intensity,5,887,99.21700223713647
O2,3,intensity,4,7,0.7829977628635347
O2,3,air_width,2,622,69.57494407158836
O2,3,air_width,6,272,30.425055928411634
O2,3,self_width,2,433,48.43400447427293
O2,3,self_width,6,347,38.81431767337808
O2,3,self_width,5,105,11.74496644295302
O2,3,self_width,7,9,1.0067114093959733
O2,3,temperature_exponent,2,894,100.0
O2,3,pressure_shift,0,894,100.0
