frequency_ghz,total_100km_db,above_20km_db
60.0,217.51731866826165,3.692792505413935
61.333333333333336,211.4786509537252,4.744508394097375
62.666666666666664,174.04899899828297,4.765400564718919
64.0,68.88572572312425,1.221024319560801
65.33333333333333,24.805673320909634,0.31777170245802605
66.66666666666667,8.964716492476517,0.03810589302567463
68.0,4.50919218288334,0.016909087863231167
69.33333333333333,3.0233805239070106,0.0103684114434955
70.66666666666667,2.3466878791162094,0.00772483062089401
72.0,1.9473347669108716,0.006050737728841647
73.33333333333333,1.6870641179543562,0.004907422343349772
74.66666666666667,1.5087674851709887,0.0040871474920627536
76.0,1.382832759869345,0.003476808421537546
77.33333333333333,1.292279764567823,0.0030097313423503736
78.66666666666666,1.2266924820901448,0.00264425901980969
80.0,1.1793520879853707,0.002353163885456572
81.33333333333333,1.1457509683128626,0.0021179969365382337
82.66666666666666,1.1227684334190404,0.001925886977553684
84.0,1.1081886477042864,0.0017676394332486552
85.33333333333333,1.1004064735788819,0.0016365624255402244
86.66666666666666,1.0982417126089001,0.001527718696011854
88.0,1.1008185810687476,0.0014374370170207357
89.33333333333333,1.1074859903996273,0.0013629877363819387
90.66666666666666,1.1177643560157395,0.0013023662324724524
92.0,1.1313104293930791,0.0012541506522238267
93.33333333333333,1.1478951075588304,0.001217414087866884
94.66666666666666,1.1673914053849999,0.0011916804616977257
96.0,1.189771398788402,0.0011769202757438528
97.33333333333333,1.2151123748438184,0.0011735887720907686
98.66666666666666,1.2436140233444941,0.00118271659165019
100.0,1.2756307301763112,0.0012060739313758146
101.33333333333333,1.3117266319157992,0.001246447257784384
102.66666666666666,1.3527674778670147,0.0013081001590782156
104.0,1.4000754406109084,0.0013975522595502303
105.33333333333333,1.4556972462142463,0.0015249365770833945
106.66666666666666,1.5228874182038694,0.0017064680639240419
108.0,1.6070248505399463,0.001969184277892496
109.33333333333333,1.7174652252648663,0.002360691333643318
110.66666666666666,1.8715922438985588,0.002970997548830853
112.0,2.1046063069474865,0.003987176565079226
113.33333333333333,2.496438548706526,0.00585232220453083
114.66666666666666,3.259771673215599,0.009838441864729383
116.0,5.107221711203642,0.020952818780744824
117.33333333333333,11.451704944327174,0.07699061591861399
118.66666666666666,68.9225377719041,11.889740373354565
120.0,13.155058762171969,0.09794429415278062
121.33333333333333,5.571367235254982,0.023276153703301508
122.66666666666666,3.5522218428713654,0.010354906223164036
124.0,2.7919057542137438,0.00594503240139611
125.33333333333333,2.4466452799502476,0.003930958002171939
126.66666666666666,2.274258902476041,0.0028456578039502455
128.0,2.1861666726642173,0.0021945738862720254
129.33333333333331,2.144148948952049,0.0017733590699596092
130.66666666666666,2.1296412646906875,0.001485160285921399
132.0,2.1327967040834777,0.0012792740311816614
133.33333333333331,2.1480326625617088,0.001127071309424625
134.66666666666666,2.1720216801431467,0.001011394613627441
136.0,2.202708503497694,0.0009214531543508286
137.33333333333331,2.2387969760989295,0.0008501840888084037
138.66666666666666,2.279467912562539,0.0007928067661191497
140.0,2.324217619705385,0.0007459912053387541
141.33333333333331,2.3727629056166966,0.0007073597482359437
142.66666666666666,2.4249846392760355,0.0006751776374610571
144.0,2.4808948830355377,0.000648154904180747
145.33333333333331,2.5406193733805083,0.0006253160619159089
146.66666666666666,2.6043908400426545,0.0006059123381595671
148.0,2.6725508345024265,0.0005893612987750478
149.33333333333331,2.7455591432111377,0.000575204531793151
150.66666666666666,2.8240108982690395,0.0005630774948867961
152.0,2.9086624180275273,0.0005526877200289744
153.33333333333331,3.0004677962022135,0.0005437988706768962
154.66666666666666,3.1006294873689795,0.0005362189776771134
156.0,3.2106678260697206,0.0005297917236314986
157.33333333333331,3.332516878416894,0.0005243900116037886
158.66666666666666,3.468657749052934,0.0005199113110906225
160.0,3.6223062595664026,0.0005162744672861975
161.33333333333331,3.797681150732347,0.0005134178223968981
162.66666666666666,4.000394046211065,0.0005112986608684438
164.0,4.238027683494645,0.0005098941912081378
165.33333333333331,4.521012409884821,0.0005092045739083335
166.66666666666666,4.863988060215269,0.0005092590049152346
168.0,5.287979629655197,0.000510126784170034
169.33333333333331,5.823983569758045,0.0005119371107688929
170.66666666666666,6.519092204161052,0.0005149151446789353
172.0,7.447379973647139,0.0005194503828857612
173.33333333333331,8.730149866760621,0.00052623396476123
174.66666666666666,10.575543569413426,0.0005365560190640255
176.0,13.360405903883699,0.0005530160682872448
177.33333333333331,17.808863724553117,0.0005814572007882099
178.66666666666666,25.3956070636676,0.0006372844325144182
180.0,39.20545636164017,0.0007726479069435858
181.33333333333331,64.8625547803184,0.0012662777052189385
182.66666666666666,103.17700806937103,0.007404639930996876
184.0,103.46269925998179,0.006643165609216269
185.33333333333331,66.58803921789578,0.0012706630304449888
186.66666666666666,41.51277489658565,0.000795478290661221
188.0,27.776639491624074,0.0006634138566762281
189.33333333333331,20.120913504021363,0.000609967553731328
190.66666666666666,15.58916799139868,0.000584088202682507
192.0,12.741278253488343,0.0005703918264682951
193.33333333333331,10.858785103400857,0.000562944004700763
194.66666666666666,9.562575274492128,0.0005590580023372885
196.0,8.640633307519893,0.0005573714654474739
197.33333333333331,7.967980809164447,0.0005571323300817242
198.66666666666666,7.467481954847773,0.0005578969337990908
200.0,7.089601627912424,0.0005593891524038438
201.33333333333331,6.801419741764443,0.0005614293517475805
202.66666666666666,6.580397665197186,0.0005638962177226801
204.0,6.410698640375237,0.0005667051483748267
205.33333333333331,6.280938515583178,0.0005697954698490063
206.66666666666666,6.182767521333131,0.0005731225816646507
208.0,6.109951035938179,0.0005766529700271286
209.33333333333331,6.057758909806324,0.000580360949840283
210.66666666666666,6.022550701207429,0.0005842264814703629
212.0,6.0014882991986145,0.0005882336742618011
213.33333333333331,5.992333181782712,0.0005923697397365505
214.66666666666666,5.9933010168686,0.0005966242457794394
216.0,6.002955814353709,0.0006009885763176024
217.33333333333331,6.020131807100722,0.0006054555338498049
218.66666666666666,6.043875066137262,0.0006100190429269697
220.0,6.073399355796497,0.0006146739260608397
221.33333333333331,6.108052396244437,0.0006194157323261046
222.66666666666666,6.147289822896256,0.0006242406047964195
224.0,6.190654901120717,0.0006291451769457795
225.33333333333331,6.237762588787908,0.0006341264908979293
226.66666666666666,6.2882869150601435,0.0006391819323292998
228.0,6.341950911449457,0.0006443091781920211
229.33333333333331,6.398518523864766,0.0006495061543985679
230.66666666666666,6.457788074585277,0.0006547710013157185
232.0,6.519586946126387,0.0006601020454324162
233.33333333333331,6.583767235380533,0.0006654977759482984
234.66666666666666,6.650202183589574,0.0006709568253145975
236.0,6.718783230843348,0.0006764779529738471
237.33333333333331,6.789417576604914,0.0006820600317076679
238.66666666666666,6.8620261529032165,0.0006877020361265003
240.0,6.936541936242228,0.0006934030329314132
241.33333333333331,7.012908539366634,0.0006991621726527178
242.66666666666666,7.091079035842915,0.0007049786826286047
244.0,7.171014979737507,0.0007108518610332234
245.33333333333331,7.252685590082904,0.0007167810718002294
246.66666666666666,7.3360670757581286,0.0007227657403171865
248.0,7.421142081207083,0.0007288053497899592
249.33333333333331,7.507899237334956,0.0007348994381956764
250.66666666666666,7.596332805158223,0.000741047595758656
252.0,7.686442402496177,0.0007472494628971712
253.33333333333331,7.778232806305868,0.0007535047286002233
254.66666666666666,7.871713825279601,0.0007598131292032108
256.0,7.966900239130322,0.0007661744475401668
257.3333333333333,8.063811802657419,0.0007725885124580499
258.66666666666663,8.162473314279508,0.000779055198685829
260.0,8.262914750303064,0.000785574427058517
261.3333333333333,8.36517146782705,0.0007921461651031771
262.66666666666663,8.469284480928033,0.0007987704280016427
264.0,8.575300816696961,0.0008054472799525394
265.3333333333333,8.683273959889645,0.0008121768359642986
266.66666666666663,8.793264397503219,0.0008189592641209001
268.0,8.905340277616691,0.0008257947883740292
269.3333333333333,9.019578200485249,0.0008326836919294186
270.66666666666663,9.136064164336869,0.0008396263213121943
272.0,9.254894693829492,0.0008466230912168313
273.3333333333333,9.376178185996528,0.0008536744902731709
274.66666666666663,9.500036517148237,0.0008607810878920072
276.0,9.626606965146502,0.0008679435423944521
277.3333333333333,9.756044515452542,0.0008751626106807373
278.66666666666663,9.888524637334246,0.0008824391597603191
280.0,10.02424663992631,0.0008897741805504751
281.3333333333333,10.163437748264737,0.000897168804461964
282.66666666666663,10.306358079451355,0.0009046243234364863
284.0,10.453306752196816,0.0009121422142943817
285.3333333333333,10.604629434001343,0.0009197241685102156
286.66666666666663,10.7607277260444,0.0009273721288833115
288.0,10.922070916346271,0.0009350883350471465
289.3333333333333,11.089210811254139,0.0009428753804178133
290.66666666666663,11.262800604798723,0.0009507362840963197
292.0,11.443619096180171,0.0009586745825281506
293.3333333333333,11.63260206457741,0.0009666944475632353
294.66666666666663,11.830883329455162,0.0009748008402209205
296.0,12.039849075010618,0.00098299971337224
297.3333333333333,12.261210575202174,0.000991298282379601
298.66666666666663,12.497102803429469,0.000999705391575656
300.0,12.750220011155259,0.0010082320181287233
301.3333333333333,13.024004986904076,0.0010168919763969466
302.66666666666663,13.322917687089282,0.0010257029206395714
304.0,13.652823591832604,0.0010346878014288205
305.3333333333333,14.021566688250351,0.0010438770287638341
306.66666666666663,14.43983425464541,0.0010533117659937276
308.0,14.922495713406631,0.0010630490890193459
309.3333333333333,15.490735990030826,0.0010731703308877166
310.66666666666663,16.17556833551031,0.00108379508856809
312.0,17.02384137894157,0.0010951057788069042
313.3333333333333,18.108972362429494,0.0011073929849316014
314.66666666666663,19.55113418669633,0.0011211447217573658
316.0,21.5575421271972,0.001137237169984031
317.3333333333333,24.50806554633097,0.001157391539147763
318.66666666666663,29.143275288037305,0.0011854996589000055
320.0,36.90036319871267,0.0012341109068834918
321.3333333333333,49.77684690539165,0.0017750546794619317
322.66666666666663,71.6089712999782,0.0015495621933557678
324.0,110.42820026063285,0.0029577331024580127
325.3333333333333,138.27301915492376,0.04716920779988083
326.66666666666663,99.6210744825964,0.0022507013199602804
328.0,65.13238812529738,0.0015039648597093744
329.3333333333333,46.242345607597116,0.0013526911317874634
330.66666666666663,36.187620243516676,0.001303798822636367
332.0,30.557873395900586,0.0012865422506187078
333.3333333333333,27.236131234323974,0.0012823718848764259
334.66666666666663,25.205020473231315,0.0012847407205407873
336.0,23.94128784573238,0.0012918851431987914
337.3333333333333,23.145661317868733,0.0012993836433868092
338.66666666666663,22.670267624977143,0.0013096179396694687
340.0,22.430798714592935,0.0013213191440896966
341.3333333333333,22.36727966010699,0.0013342987053423503
342.66666666666663,22.44114910215972,0.001348519257259045
344.0,22.628505351934255,0.0013640353726029736
345.3333333333333,22.915107875544642,0.0013809819978408198
346.66666666666663,23.29345103965346,0.0013995786082412085
348.0,23.76112440891883,0.001420146231936766
349.3333333333333,24.3199616425888,0.0014431394655303853
350.66666666666663,24.975720731062307,0.0014691997753405205
352.0,25.7381773929654,0.0014992425055835674
353.3333333333333,26.621601041693967,0.0015346010052088215
354.66666666666663,27.645651892380407,0.001577272918857753
356.0,28.836810860830642,0.001630359249759865
357.3333333333333,30.23055372850478,0.0016988894986507944
358.66666666666663,31.874644124932587,0.0017914763876711074
360.0,33.83422474134557,0.0019239133802095645
361.3333333333333,36.20004055235638,0.0021278446388139347
362.66666666666663,39.10280345060336,0.002474712458098006
364.0,42.74213785420113,0.003155810988870296
365.3333333333333,47.462379328994345,0.004840568641692273
366.66666666666663,54.06114804344072,0.0113956483180359
368.0,66.3851523606514,0.13134444646426735
369.3333333333333,74.39794696240293,0.04904725723770115
370.66666666666663,85.94719977167841,0.008932705134548488
372.0,106.45355822600042,0.004670977274506063
373.3333333333333,138.88453693394374,0.0035451888416344057
374.66666666666663,192.39171178645427,0.003293101945373359
376.0,286.80932502138813,0.0036257483737532656
377.3333333333333,464.7250459111737,0.0051108704627208824
378.66666666666663,797.223802683183,0.012645409930995423
380.0,1199.4254613250146,0.43686951649224154
381.3333333333333,939.3942365823463,0.021395368747251838
382.66666666666663,558.7246777505402,0.006087365343655184
384.0,342.20316868908776,0.003663252530080172
385.3333333333333,227.78507288151556,0.0028636596623613526
386.66666666666663,163.9946964935307,0.002510731544675923
388.0,125.9120932904034,0.0023310818306635167
389.3333333333333,101.79794159325557,0.0022347898121335133
390.66666666666663,85.63147557341878,0.00218426230712316
392.0,74.23985238680639,0.002157837148898855
393.3333333333333,66.08663432720665,0.0021527307314506854
394.66666666666663,60.11425829158362,0.002162063545604654
396.0,55.65011110140231,0.0021832551418584103
397.3333333333333,52.26532573102883,0.002215151380871604
398.66666666666663,49.67628891235926,0.002257541239451342
400.0,47.68942283433827,0.002310964066660942
73.3725,1.6808474613323514,0.004879435005069976
73.3735,1.6806896327559797,0.0048787239709086735
73.3745,1.680531848506102,0.0048780131120038
73.3755,1.6803741085670165,0.004877302428295934
73.3765,1.6802164129230401,0.004876591919725732
73.3775,1.6800587615584799,0.004875881586233829
73.3785,1.6799011544576663,0.004875171427760924
73.3795,1.6797435916049321,0.004874461444247722
73.3805,1.6795860729846128,0.004873751635634961
73.3815,1.6794285985810502,0.0048730420018633916
73.3825,1.6792711683786055,0.004872332542873825
73.3835,1.6791137823616358,0.004871623258607046
73.3845,1.6789564405145068,0.004870914149003912
73.3855,1.6787991428216007,0.004870205214005298
73.3865,1.6786418892672925,0.004869496453552071
73.3875,1.6784846798359758,0.004868787867585163
73.3885,1.678327514512049,0.004868079456045524
73.3895,1.6781703932799124,0.004867371218874107
73.3905,1.6780133161239803,0.004866663156011912
73.3915,1.677856283028676,0.004865955267399985
73.3925,1.6776992939784188,0.004865247552979338
73.3935,1.6775423489576438,0.004864540012691057
73.3945,1.677385447950795,0.004863832646476259
73.3955,1.67722859094232,0.004863125454276039
73.3965,1.6770717779166717,0.004862418436031564
73.3975,1.6769150088583182,0.004861711591684023
73.3985,1.676758283751721,0.004861004921174592
73.3995,1.6766016025813637,0.004860298424444508
73.4005,1.676444965331732,0.004859592101435047
73.4015,1.6762883719873132,0.004858885952087458
73.4025,1.6761318225326063,0.0048581799763430565
73.4035,1.6759753169521243,0.004857474174143194
73.4045,1.675818855230373,0.004856768545429196
73.4055,1.675662437351875,0.00485606309014246
73.4065,1.6755060633011614,0.004855357808224409
73.4075,1.6753497330627647,0.004854652699616452
73.4085,1.6751934466212253,0.0048539477642600545
73.4095,1.6750372039611,0.004853243002096722
73.4105,1.6748810050669396,0.004852538413067939
73.4115,1.6747248499233063,0.004851833997115252
73.4125,1.6745687385147794,0.004851129754180238
73.4135,1.6744126708259293,0.004850425684204463
73.4145,1.674256646841345,0.004849721787129549
73.4155,1.6741006665456215,0.004849018062897151
73.4165,1.673944729923354,0.004848314511448907
73.4175,1.6737888369591527,0.004847611132726516
73.4185,1.6736329876376315,0.004846907926671709
73.4195,1.6734771819434107,0.004846204893226208
73.4205,1.673321419861122,0.004845502032331778
73.4215,1.673165701375399,0.004844799343930239
73.4225,1.6730100264708847,0.004844096827963383
73.4235,1.6728543951322283,0.00484339448437306
73.4245,1.6726988073440916,0.004842692313101145
73.4255,1.672543263091133,0.0048419903140895166
73.4265,1.672387762358026,0.004841288487280107
73.4275,1.6722323051294556,0.0048405868326148686
73.4285,1.6720768913900974,0.004839885350035758
73.4295,1.6719215211246499,0.0048391840394847695
73.4305,1.671766194317816,0.004838482900903938
73.4315,1.6716109109542963,0.004837781934235293
73.4325,1.6714556710188093,0.004837081139420912
73.4335,1.6713004744960773,0.0048363805164029165
73.4345,1.6711453213708256,0.004835680065123391
73.4355,1.670990211627792,0.004834979785524502
73.4365,1.67083514525172,0.004834279677548428
73.4375,1.670680122227356,0.004833579741137348
73.4385,1.6705251425394603,0.004832879976233504
73.4395,1.6703702061727999,0.004832180382779145
73.4405,1.6702153131121387,0.0048314809607165315
73.4415,1.670060463342256,0.004830781709987966
73.4425,1.6699056568479431,0.004830082630535788
73.4435,1.6697508936139875,0.004829383722302323
73.4445,1.6695961736251905,0.004828684985229964
73.4455,1.6694414968663593,0.004827986419261114
73.4465,1.6692868633223017,0.004827288024338182
73.4475,1.669132272977846,0.004826589800403623
73.4485,1.6689777258178142,0.004825891747399926
73.4495,1.6688232218270473,0.004825193865269576
73.4505,1.6686687609903808,0.004824496153955105
73.4515,1.6685143432926668,0.004823798613399066
73.4525,1.6683599687187607,0.004823101243544024
73.4535,1.668205637253525,0.004822404044332588
73.4545,1.6680513488818267,0.00482170701570739
73.4555,1.6678971035885466,0.004821010157611066
73.4565,1.6677429013585676,0.004820313469986304
73.4575,1.6675887421767817,0.0048196169527758076
73.4585,1.667434626028083,0.004818920605922286
73.4595,1.6672805528973824,0.004818224429368498
73.4605,1.6671265227695895,0.004817528423057236
73.4615,1.666972535629619,0.004816832586931276
73.4625,1.6668185914623999,0.004816136920933456
73.4635,1.6666646902528686,0.004815441425006625
73.4645,1.6665108319859585,0.00481474609909366
73.4655,1.666357016646621,0.0048140509431374495
73.4665,1.666203244219811,0.004813355957080946
73.4675,1.6660495146904823,0.004812661140867066
73.4685,1.6658958280436107,0.004811966494438807
73.4695,1.6657421842641684,0.00481127201773917
73.4705,1.6655885833371353,0.0048105777107111634
73.4715,1.6654350252475008,0.004809883573297844
73.4725,1.6652815099802638,0.0048091896054423
73.4735,1.6651280375204214,0.004808495807087605
73.4745,1.664974607852985,0.004807802178176902
73.4755,1.6648212209629754,0.004807108718653337
73.4765,1.6646678768354095,0.004806415428460076
73.4775,1.6645145754553194,0.004805722307540315
73.4785,1.6643613168077493,0.004805029355837298
73.4795,1.6642081008777336,0.004804336573294245
73.4805,1.6640549276503271,0.0048036439598544405
73.4815,1.6639017971105914,0.004802951515461197
73.4825,1.6637487092435863,0.004802259240057805
73.4835,1.663595664034385,0.004801567133587623
73.4845,1.6634426614680675,0.004800875195994041
73.4855,1.663289701529718,0.004800183427220425
73.4865,1.6631367842044298,0.004799491827210206
73.4875,1.6629839094773062,0.004798800395906845
73.4885,1.662831077333444,0.004798109133253788
73.4895,1.6626782877579653,0.004797418039194536
73.4905,1.6625255407359871,0.00479672711367262
73.4915,1.662372836252635,0.004796036356631559
73.4925,1.6622201742930438,0.004795345768014938
73.4935,1.6620675548423562,0.004794655347766352
73.4945,1.6619149778857163,0.004793965095829397
73.4955,1.6617624434082792,0.004793275012147733
73.4965,1.6616099513952112,0.004792585096665027
73.4975,1.6614575018316706,0.00479189534932495
73.4985,1.6613050947028425,0.004791205770071228
73.4995,1.6611527299939048,0.004790516358847609
73.5005,1.661000407690042,0.0047898271155978394
73.5015,1.660848127776458,0.004789138040265715
73.5025,1.6606958902383464,0.004788449132795044
73.5035,1.6605436950609214,0.004787760393129665
73.5045,1.6603915422293982,0.004787071821213447
73.5055,1.6602394317289983,0.004786383416990257
73.5065,1.6600873635449518,0.004785695180404017
73.5075,1.6599353376624983,0.0047850071113986654
73.5085,1.6597833540668772,0.0047843192099181475
73.5095,1.6596314127433367,0.004783631475906446
73.5105,1.6594795136771403,0.00478294390930759
73.5115,1.659327656853545,0.004782256510065578
73.5125,1.659175842257824,0.004781569278124483
73.5135,1.6590240698752565,0.004780882213428391
73.5145,1.6588723396911238,0.004780195315921386
73.5155,1.6587206516907151,0.00477950858554761
73.5165,1.658569005859334,0.004778822022251228
73.5175,1.6584174021822793,0.004778135625976385
73.5185,1.6582658406448603,0.004777449396667293
73.5195,1.6581143212324017,0.004776763334268193
73.5205,1.6579628439302234,0.004776077438723318
73.5215,1.657811408723657,0.004775391709976941
73.5225,1.6576600155980439,0.004774706147973373
73.5235,1.6575086645387256,0.004774020752656916
73.5245,1.6573573555310541,0.004773335523971925
73.5255,1.6572060885603888,0.0047726504618627865
73.5265,1.6570548636120925,0.004771965566273859
73.5275,1.6569036806715405,0.004771280837149579
73.5285,1.6567525397241105,0.004770596274434397
73.5295,1.6566014407551852,0.004769911878072771
73.5305,1.6564503837501574,0.004769227648009176
73.5315,1.6562993686944292,0.004768543584188157
73.5325,1.6561483955734002,0.004767859686554222
73.5335,1.6559974643724868,0.004767175955051945
73.5345,1.6558465750771074,0.004766492389625924
73.5355,1.6556957276726874,0.004765808990220746
73.5365,1.6555449221446557,0.004765125756781052
73.5375,1.6553941584784573,0.004764442689251522
73.5385,1.655243436659532,0.004763759787576801
73.5395,1.655092756673334,0.0047630770517016205
73.5405,1.654942118505325,0.0047623944815707
73.5415,1.654791522140966,0.0047617120771287925
73.5425,1.654640967565732,0.00476102983832068
73.5435,1.6544904547651038,0.004760347765091166
73.5445,1.6543399837245625,0.004759665857385067
73.5455,1.6541895544296026,0.004758984115147234
73.5465,1.6540391668657262,0.004758302538322546
73.5475,1.6538888210184335,0.00475762112685589
73.5485,1.6537385168732381,0.004756939880692193
73.5495,1.6535882544156622,0.0047562587997764015
73.5505,1.6534380336312295,0.004755577884053472
73.5515,1.6532878545054706,0.004754897133468403
73.5525,1.6531377170239272,0.004754216547966222
73.5535,1.652987621172141,0.0047535361274919415
73.5545,1.6528375669356656,0.004752855871990641
73.5555,1.6526875543000654,0.004752175781407419
73.5565,1.652537583250897,0.00475149585568736
73.5575,1.6523876537737343,0.004750816094775607
73.5585,1.652237765854162,0.004750136498617329
73.5595,1.6520879194777591,0.004749457067157694
73.5605,1.6519381146301162,0.004748777800341908
73.5615,1.6517883512968408,0.00474809869811521
73.5625,1.6516386294635272,0.00474741976042284
73.5635,1.6514889491157931,0.004746740987210082
73.5645,1.6513393102392566,0.004746062378422238
73.5655,1.651189712819538,0.004745383934004619
73.5665,1.651040156842272,0.00474470565390257
73.5675,1.6508906422930978,0.004744027538061484
73.5685,1.650741169157658,0.0047433495864267275
73.5695,1.6505917374216028,0.004742671798943733
73.5705,1.6504423470705918,0.004741994175557949
73.5715,1.6502929980902876,0.004741316716214817
73.5725,1.6501436904663598,0.004740639420859837
73.5735,1.6499944241844904,0.004739962289438529
73.5745,1.6498451992303593,0.004739285321896407
73.5755,1.6496960155896563,0.004738608518179041
73.5765,1.6495468732480836,0.004737931878232027
73.5775,1.6493977721913369,0.004737255402000945
73.5785,1.6492487124051334,0.0047365790894314305
73.5795,1.6490996938751867,0.004735902940469152
73.5805,1.6489507165872166,0.004735226955059761
73.5815,1.6488017805269592,0.004734551133148963
73.5825,1.648652885680145,0.004733875474682498
73.5835,1.6485040320325184,0.004733199979606085
73.5845,1.648355219569829,0.004732524647865506
73.5855,1.6482064482778362,0.004731849479406562
73.5865,1.6480577181422953,0.004731174474175042
73.5875,1.647909029148978,0.004730499632116812
73.5885,1.6477603812836623,0.004729824953177732
73.5895,1.647611774532124,0.0047291504373036634
73.5905,1.6474632088801555,0.00472847608444053
73.5915,1.6473146843135522,0.004727801894534278
73.5925,1.6471662008181098,0.004727127867530834
73.5935,1.6470177583796415,0.004726454003376193
73.5945,1.6468693569839614,0.0047257803020163665
73.5955,1.6467209966168843,0.004725106763397355
73.5965,1.6465726772642422,0.004724433387465212
73.5975,1.646424398911869,0.004723760174166028
73.5985,1.6462761615456005,0.00472308712344588
73.5995,1.6461279651512861,0.004722414235250889
73.6005,1.6459798097147802,0.004721741509527203
73.6015,1.645831695221936,0.004721068946220969
73.6025,1.6456836216586284,0.004720396545278385
73.6035,1.6455355890107226,0.004719724306645668
73.6045,1.6453875972640986,0.004719052230269042
73.6055,1.6452396464046408,0.0047183803160947575
73.6065,1.6450917364182442,0.004717708564069111
73.6075,1.6449438672908039,0.004717036974138386
73.6085,1.6447960390082235,0.004716365546248914
73.6095,1.6446482515564174,0.00471569428034706
73.6105,1.644500504921299,0.004715023176379173
73.6115,1.6443527990887936,0.004714352234291654
73.6125,1.6442051340448323,0.0047136814540309335
73.6135,1.6440575097753483,0.0047130108355434314
73.6145,1.6439099262662862,0.00471234037877562
73.6155,1.6437623835035984,0.004711670083673996
73.6165,1.643614881473235,0.004710999950185047
73.6175,1.6434674201611617,0.004710329978255324
73.6185,1.6433199995533463,0.004709660167831385
73.6195,1.6431726196357597,0.004708990518859787
73.6205,1.643025280394389,0.004708321031287143
73.6215,1.6428779818152222,0.004707651705060089
73.6225,1.642730723884244,0.004706982540125251
73.6235,1.6425835065874637,0.00470631353642931
73.6245,1.642436329910888,0.004705644693918964
73.6255,1.6422891938405249,0.004704976012540909
73.6265,1.642142098362395,0.004704307492241905
73.6275,1.641995043462526,0.004703639132968701
