altitude_m,temperature_k,pressure_pa,water_number_density_cm3,refractive_index,radial_weight_m,path_weight_m
105.66243270259358,289.66319418743313,99553.1205525547,2.1226590538022506e+17,1.000304476410914,250.0,353.4417222303081
394.3375672974064,287.7868058125668,96210.11982641323,1.8373641292537046e+17,1.000292337938509,250.0,353.43001287409817
605.6624327025936,286.41319418743313,93820.98272397583,1.6531285332948003e+17,1.0002839514384512,250.0,353.42126654015397
894.3375672974064,284.5368058125668,90635.21610608808,1.4309406226500954e+17,1.0002731107070424,250.0,353.4091041543529
1105.6624327025936,283.16319418743313,88359.07412874782,1.2874577962476731e+17,1.0002655860084082,250.0,353.4000574312439
1394.3375672974064,281.28680581256685,85324.82044968885,1.114417677448578e+17,1.0002558159374917,250.0,353.38752246785356
1605.6624327025936,279.91319418743313,83157.53900539638,1.0026731398890731e+17,1.000249005140714,250.0,353.3782277567463
1894.3375672974064,278.03680581256685,80269.22296765876,8.679093598655686e+16,1.000240125773186,250.0,353.36538397757084
2105.6624327025934,276.66319418743313,78206.77348285815,7.808826265102746e+16,1.000233911565073,250.0,353.35588284632746
2394.3375672974066,274.7868058125668,75458.9635665493,6.759284890983066e+16,1.0002257800190586,250.0,353.34278088154866
2605.6624327025934,273.41319418743313,73497.42195530486,6.081520010130572e+16,1.0002200691535699,250.0,353.3331063737865
2894.3375672974066,271.5368058125668,70884.82833004,5.264136366100327e+16,1.0002125717237096,250.0,353.31978651986395
3105.6624327025934,270.16319418743313,69020.37346771761,4.736292546154107e+16,1.0002072898970746,250.0,353.3099649704144
3394.3375672974066,268.28680581256685,66537.84591076228,4.0997135241135944e+16,1.0002003358449296,250.0,353.29645938988017
3605.6624327025934,266.91319418743313,64766.758112306394,3.688628343800077e+16,1.0001954236665251,250.0,353.2865118521622
3894.3375672974066,265.03680581256685,62409.28393302333,3.1928601029480964e+16,1.0001889403384499,250.0,353.2728463031848
4105.662432702594,263.6631941874331,60727.94343587007,2.8727066426108796e+16,1.0001843501628653,250.0,353.2627896714757
4394.337567297406,261.78680581256685,58490.645406527765,2.4866019484134236e+16,1.000178279151213,250.0,353.2489848677492
4605.662432702594,260.4131941874331,56895.530858194616,2.237266182799779e+16,1.0001739725872032,250.0,353.2388327595992
4894.337567297406,258.53680581256685,54773.66515119343,1.9365675446112556e+16,1.0001682667116152,250.0,353.2249054396194
5105.662432702594,257.1631941874331,53261.35210158955,1.7423846551036408e+16,1.0001642126631185,250.0,353.21466888971156
5394.337567297406,255.28680581256683,51250.306233165444,1.5082003202139134e+16,1.0001588335964713,250.0,353.2006326575924
5605.662432702594,253.9131941874331,49817.46563166471,1.3569705338063152e+16,1.0001550067219012,250.0,353.19032066337115
5894.337567297406,252.03680581256683,47912.75641212955,1.1745875904111394e+16,1.000149923123052,250.0,353.17618665006074
6105.662432702594,250.6631941874331,46556.153109451494,1.0568097143331804e+16,1.000146302623425,250.0,353.1658066008307
6394.337567297406,248.78680581256683,44753.42460003156,9147697351981500.0,1.0001414886684161,250.0,353.15158398413115
6605.662432702594,247.4131941874331,43469.915854975494,8230442330801487.0,1.0001380573340337,250.0,353.1411419985404
6894.337567297406,245.53680581256683,41764.93733131059,7124233861023408.0,1.0001334915605986,250.0,353.1268384121212
7105.662432702594,244.1631941874331,40551.47132238843,6409874932252236.0,1.0001302350210333,250.0,353.1163396036168
7394.337567297406,242.28680581256683,38940.13524475581,5548358909748849.0,1.0001258994194724,250.0,353.1019614587494
7605.662432702594,240.9131941874331,37793.749586772115,4992015616627810.0,1.000122805553433,250.0,353.0914101443996
7894.337567297406,239.03680581256683,36272.06957710055,4321066263673609.5,1.0001186848512416,250.0,353.07696288306704
8105.662432702594,237.6631941874331,35189.889842727134,3887785671334418.5,1.00011574332218,250.0,353.06636274785234
8394.337567297407,235.78680581256683,33753.99866846812,3365249789852435.5,1.0001118244210627,250.0,353.0518510418961
8605.662432702593,234.4131941874331,32733.23691486386,3027810525249035.5,1.000109026311676,250.0,353.04120526798187
8894.337567297407,232.53680581256683,31379.384479788412,2620859171567957.5,1.0001052978444274,250.0,353.0266331758123
9105.662432702593,231.1631941874331,30417.337780314178,2358061208055790.5,1.0001026353689597,250.0,353.0159445442834
9394.337567297407,229.28680581256683,29141.88912230568,2041127175136998.5,1.0000990873506324,250.0,353.0013156342165
9605.662432702593,227.9131941874331,28235.938103386776,1836459915364152.5,1.0000965536283757,250.0,352.99058660515175
9894.337567297407,226.03680581256683,27035.371399301283,1589631442345019.0,1.0000931771816344,250.0,352.97590405249645
10105.662432702593,224.66319418743313,26182.978782490827,1430236420164848.0,1.0000907660585796,250.0,352.9651368280084
10394.337567297407,222.78680581256683,25053.883360158798,1238006212093227.5,1.0000875531974187,250.0,352.950403491506
10605.662432702593,221.41319418743313,24252.59250945589,1113869244001626.4,1.0000852591057958,250.0,352.93960006537844
10894.337567297407,219.53680581256683,23191.666866900716,964160207425469.2,1.0000822025651845,250.0,352.9248185474006
11105.662432702593,218.84999999999997,22439.68231510285,867482239467620.4,1.0000797713502896,250.0,352.9140679996301
11394.337567297407,218.84999999999997,21450.942241456883,750888724549243.6,1.0000762379752806,250.0,352.8994601074665
11605.662432702593,218.84999999999997,20754.86424769284,675595847397918.8,1.0000737520624547,250.0,352.8887335019868
11894.337567297407,218.84999999999997,19840.36083732306,584792726678439.5,1.000070487997783,250.0,352.87403781944926
12105.662432702593,218.84999999999997,19196.54582855818,526154574993288.44,1.0000681913266556,250.0,352.8632497506157
12394.337567297407,218.84999999999997,18350.705238225837,455437033471630.6,1.0000651754633425,250.0,352.848473761936
12605.662432702593,218.84999999999997,17755.22920073537,409769595021375.25,1.00006305325142,250.0,352.837629470299
12894.337567297407,218.84999999999997,16972.89608295675,354694718307423.56,1.0000602662619495,250.0,352.82278002644057
13105.662432702593,218.84999999999997,16422.12962613617,319128881481499.56,1.000058304963571,250.0,352.81188431286256
13394.337567297407,218.84999999999997,15698.535707650026,276236524369112.84,1.0000557291246566,250.0,352.79696769446866
13605.662432702593,218.84999999999997,15189.121943097738,248537822798493.34,1.000053916310051,250.0,352.78602496308895
13894.337567297407,218.84999999999997,14519.856962526766,215133221491588.3,1.000051535348325,250.0,352.7710469353152
14105.662432702593,218.84999999999997,14048.69104401138,193561451018328.7,1.0000498595979626,250.0,352.76006123109954
14394.337567297407,218.84999999999997,13429.675871584612,167545921362322.94,1.000047658554743,250.0,352.74502709168684
14605.662432702593,218.84999999999997,12993.886071194049,150745809625511.78,1.0000461093664539,250.0,352.73400213345116
14894.337567297407,218.84999999999997,12421.347846696424,130484894757397.14,1.000044074478497,250.0,352.7189167551328
15105.662432702593,218.84999999999997,12018.27805182915,117400954581081.47,1.0000426421853317,250.0,352.7078559647596
15394.337567297407,218.84999999999997,11488.727189245612,101621738216050.75,1.0000407607790813,250.0,352.69272383288194
15605.662432702593,218.84999999999997,11115.920713764217,91431955361076.7,1.0000394364762708,250.0,352.6816303613076
15894.337567297407,218.84999999999997,10626.129632463,79143089299737.62,1.0000376968735858,250.0,352.66645560737686
16105.662432702593,218.84999999999997,10281.314243340068,71207278432956.2,1.0000364723532726,250.0,352.65533235782095
16394.337567297407,218.84999999999997,9828.297696163034,61636699921325.85,1.0000348637869874,250.0,352.6401187895582
16605.662432702593,218.84999999999997,9509.371764357613,55456284203969.84,1.0000337314796341,250.0,352.628968438381
16894.337567297407,218.84999999999997,9090.368642718511,48002710164665.766,1.000032244017605,250.0,352.6137195667631
17105.662432702593,218.84999999999997,8795.38833387361,43189397564282.09,1.0000311969391893,250.0,352.60254458226575
17394.337567297407,218.84999999999997,8407.844838967441,37384548265791.38,1.0000298214157164,250.0,352.5872636459436
17605.662432702593,218.84999999999997,8135.012265856641,33635936643445.125,1.000028853119969,250.0,352.57606630537606
17894.337567297407,218.84999999999997,7776.566343409673,29115115464169.062,1.000027581073666,250.0,352.56075629279906
18105.662432702593,218.84999999999997,7524.218607922696,26195693797255.227,1.0000266856087363,250.0,352.54953869779166
18394.337567297407,218.84999999999997,7192.6855516138385,22674874722709.234,1.0000255092260815,250.0,352.53420236731097
18605.662432702593,218.84999999999997,6959.284609492663,20401226842401.113,1.0000246810951106,250.0,352.52296645791614
18894.337567297407,218.84999999999997,6652.643745299952,17659210190091.953,1.0000235931590231,250.0,352.50760635609777
19105.662432702593,218.84999999999997,6436.7670318516375,15888491440479.352,1.0000228272841873,250.0,352.4963539235946
19394.337567297407,218.84999999999997,6153.1494021657,13753006724466.148,1.0000218211270815,250.0,352.4809724019382
19605.662432702593,218.84999999999997,5953.481161816225,12373969575668.63,1.0000211128167324,250.0,352.4697051005345
19894.337567297407,218.84999999999997,5691.158134256148,10710852406600.531,1.0000201822775743,250.0,352.4543043307656
